"id","avg","std_dev","ecr_rank","ecr_min","ecr_max"
"16162",1,0,1,1,1
"16161",2,0,2,2,2
"15711",3.75,0.43,3,3,4
"16185",5,2.92,4,3,10
"14802",6,1,5,5,7
"15281",7,2.92,6,3,11
"15715",7.5,2.06,7,5,10
"13130",8,3.54,8,5,14
"12626",8,1.41,9,6,10
"15287",10.25,0.83,10,9,11
"17042",13,5.79,11,7,21
"14832",13.25,1.79,12,11,15
"16211",13.5,2.06,13,12,17
"15710",14.5,4.72,14,9,22
"15754",14.75,1.79,15,12,17
"16181",15.25,3.7,16,9,18
"15256",17.25,1.92,17,14,19
"16190",18.5,3.2,18,13,21
"14797",20.5,2.6,19,16,22
"15751",21.75,3.96,20,17,27
"17472",22,6.52,21,16,33
"15290",23,3.94,22,17,28
"13589",25,0.71,23,24,26
"15261",26,11.11,24,14,44
"14836",27,14.05,25,13,50
"16192",27.5,2.06,26,25,30
