id,player,pos,team,ecr,sd,player_owned_avg,scrape_date
24717,Will Anderson Jr.,DL,HOU,5.5,2.5,65.2,2026-10-02
18702,Maxx Crosby,DL,LV,12.0,10.0,70.2,2026-10-02
22738,Aidan Hutchinson,DL,DET,21.5,20.5,70.6,2026-10-02
16469,T.J. Watt,LB,PIT,22.0,18.0,67.2,2026-10-02
19787,Greg Rousseau,DL,BUF,28.0,13.0,61.7,2026-10-02
18199,Nick Bosa,DL,SF,28.5,0.5,46.2,2026-10-02
28053,Arvell Reese,LB,NYG,29.5,23.5,26.6,2026-10-02
19292,Jordyn Brooks,LB,MIA,1.0,0.0,71.0,2026-10-02
27236,Carson Schwesinger,LB,CLE,2.0,0.0,76.4,2026-10-02
17311,Roquan Smith,LB,BAL,3.0,0.0,88.0,2026-10-02
25435,Jack Campbell,LB,DET,4.0,0.0,85.4,2026-10-02
17526,Fred Warner,LB,SF,5.0,0.0,90.7,2026-10-02
14036,Danielle Hunter,DL,HOU,37.5,32.5,39.7,2026-10-02
23245,Ernest Jones IV,LB,SEA,6.0,0.0,48.4,2026-10-02
18573,Andrew Van Ginkel,LB,MIN,7.0,0.0,51.6,2026-10-02
26168,Cedric Gray,LB,TEN,7.0,0.0,26.2,2026-10-02
18223,Brian Burns,DL,NYG,8.0,0.0,41.3,2026-10-02
22689,Nick Bolton,LB,KC,9.0,0.0,80.4,2026-10-02
26097,Dallas Turner,DL,MIN,44.5,35.5,38.8,2026-10-02
18201,Josh Hines-Allen,DL,JAC,10.0,0.0,24.4,2026-10-02
19238,Zack Baun,LB,PHI,10.0,0.0,66.0,2026-10-02
23710,Devin Lloyd,LB,CAR,11.0,0.0,53.8,2026-10-02
27022,Abdul Carter,DL,NYG,11.0,0.0,21.4,2026-10-02
26096,Laiatu Latu,DL,IND,12.0,0.0,11.2,2026-10-02
28077,Josiah Trotter,LB,TB,12.0,0.0,23.0,2026-10-02
22734,Jaelan Phillips,DL,CAR,13.0,0.0,6.2,2026-10-02
23729,Quay Walker,LB,LV,13.0,0.0,38.0,2026-10-02
17607,Foyesade Oluokun,LB,JAC,14.0,0.0,67.0,2026-10-02
18207,Jeffery Simmons,DL,TEN,14.0,0.0,53.4,2026-10-02
18421,Blake Cashman,LB,MIN,15.0,0.0,58.1,2026-10-02
24674,Nate Landman,LB,LAR,16.0,0.0,36.6,2026-10-02
25449,Byron Young,DL,LAR,50.5,34.5,28.3,2026-10-02
16719,Trey Hendrickson,DL,BAL,17.0,0.0,26.2,2026-10-02
28195,Jacob Rodriguez,LB,MIA,17.0,0.0,19.8,2026-10-02
19316,Alex Highsmith,LB,PIT,18.0,0.0,21.4,2026-10-02
24302,Quentin Lake,DB,LAR,18.0,0.0,25.3,2026-10-02
17563,Zaire Franklin,LB,GB,19.0,0.0,21.3,2026-10-02
16370,Myles Garrett,DL,LAR,50.5,31.5,61.5,2026-10-02
23702,Nakobe Dean,LB,LV,20.0,0.0,81.3,2026-10-02
25364,Tuli Tuipulotu,DL,LAC,20.0,0.0,31.2,2026-10-02
15494,DeForest Buckner,DL,IND,21.0,0.0,15.9,2026-10-02
18103,Robert Spillane,LB,NE,21.0,0.0,25.2,2026-10-02
13892,Leonard Williams,DL,SEA,22.0,0.0,18.0,2026-10-02
26137,Edgerrin Cooper,LB,GB,23.0,0.0,38.0,2026-10-02
23763,Nik Bonitto,DL,DEN,55.0,32.0,34.2,2026-10-02
25234,Jared Verse,DL,CLE,24.0,0.0,26.4,2026-10-02
27216,Sonny Styles,LB,WAS,24.0,0.0,48.1,2026-10-02
18213,Montez Sweat,DL,CHI,25.0,0.0,12.2,2026-10-02
25579,Dee Winters,LB,DAL,25.0,0.0,4.6,2026-10-02
23494,Kyle Hamilton,DB,BAL,26.0,0.0,75.2,2026-10-02
23501,George Karlaftis III,DL,KC,26.0,0.0,6.2,2026-10-02
23724,Travon Walker,DL,JAC,27.0,0.0,9.8,2026-10-02
25905,Drake Thomas,LB,SEA,27.0,0.0,8.3,2026-10-02
19195,Chase Young,DL,NO,28.0,0.0,12.3,2026-10-02
23751,Tykee Smith,DB,TB,29.0,0.0,35.5,2026-10-02
17310,Derwin James Jr.,DB,LAC,30.0,0.0,47.5,2026-10-02
19784,Micah Parsons,LB,GB,58.0,28.0,32.1,2026-10-02
9862,Cameron Heyward,DL,PIT,31.0,0.0,9.1,2026-10-02
22817,Talanoa Hufanga,DB,DEN,31.0,0.0,34.4,2026-10-02
18221,Zach Allen,DL,DEN,32.0,0.0,7.0,2026-10-02
19429,Jeremy Chinn,DB,LV,32.0,0.0,26.9,2026-10-02
12205,Aaron Donald,DL,LAR,33.0,0.0,19.9,2026-10-02
27051,Jihaad Campbell,LB,PHI,33.0,0.0,20.3,2026-10-02
27053,Nick Emmanwori,DB,SEA,34.0,0.0,34.1,2026-10-02
27191,David Bailey,DL,NYJ,34.0,0.0,19.3,2026-10-02
19276,Jonathan Greenard,DL,PHI,35.0,0.0,10.4,2026-10-02
19459,Kam Curl,DB,LAR,35.0,0.0,29.7,2026-10-02
23477,Ventrell Miller,LB,JAC,36.0,0.0,15.8,2026-10-02
25264,Yaya Diaby,DL,TB,36.0,0.0,7.0,2026-10-02
17277,Bradley Chubb,LB,BUF,37.0,0.0,7.2,2026-10-02
24198,Nick Cross,DB,WAS,37.0,0.0,32.5,2026-10-02
12169,Khalil Mack,LB,LAC,38.0,0.0,4.7,2026-10-02
23194,Jamien Sherwood,LB,NYJ,38.0,0.0,30.8,2026-10-02
19266,Antoine Winfield Jr.,DB,TB,39.0,0.0,19.1,2026-10-02
25464,Nick Herbig,LB,PIT,39.0,0.0,5.8,2026-10-02
27033,Donovan Ezeiruaku,DL,DAL,40.0,0.0,12.1,2026-10-02
22714,Odafe Oweh,DL,WAS,41.0,0.0,6.1,2026-10-02
19205,Derrick Brown,DL,CAR,42.0,0.0,8.1,2026-10-02
18295,Carl Granderson,DL,NO,43.0,0.0,11.8,2026-10-02
18361,Azeez Al-Shaair,LB,HOU,43.0,0.0,22.1,2026-10-02
22699,Tre'von Moehrig,DB,CAR,44.0,0.0,17.6,2026-10-02
25291,Lukas Van Ness,DL,GB,44.0,0.0,12.0,2026-10-02
18200,Quinnen Williams,DL,DAL,45.0,0.0,10.4,2026-10-02
18716,Kaden Elliss,LB,NO,45.0,0.0,16.8,2026-10-02
22682,Kwity Paye,DL,LV,46.0,0.0,1.8,2026-10-02
25436,Daiyan Henley,LB,LAC,46.0,0.0,24.3,2026-10-02
18281,T.J. Edwards,LB,CHI,47.0,0.0,10.8,2026-10-02
25283,Kobie Turner,DL,LAR,47.0,0.0,6.7,2026-10-02
23736,Boye Mafe,DL,CIN,48.0,0.0,9.7,2026-10-02
26118,Kamari Lassiter,DB,HOU,48.0,0.0,23.2,2026-10-02
26183,Payton Wilson,LB,PIT,49.0,0.0,9.1,2026-10-02
28772,Rueben Bain Jr.,DL,TB,49.0,0.0,17.4,2026-10-02
18679,Quincy Williams,LB,CLE,50.0,0.0,9.6,2026-10-02
26105,Chop Robinson,DL,MIA,50.0,0.0,3.1,2026-10-02
17544,Jessie Bates III,DB,ATL,51.0,0.0,12.0,2026-10-02
23733,Jermaine Johnson II,DL,TEN,51.0,0.0,1.8,2026-10-02
12217,DeMarcus Lawrence,DL,SEA,52.0,0.0,8.6,2026-10-02
14399,Alex Singleton,LB,DEN,52.0,0.0,41.1,2026-10-02
17315,Dorance Armstrong Jr.,DL,WAS,53.0,0.0,3.8,2026-10-02
18209,Rashan Gary,LB,DAL,54.0,0.0,11.4,2026-10-02
27035,Kevin Winston Jr.,DB,TEN,54.0,0.0,7.1,2026-10-02
17330,Harold Landry III,LB,NE,55.0,0.0,3.9,2026-10-02
23471,Jordan Battle,DB,CIN,55.0,0.0,20.0,2026-10-02
23721,Jalen Pitre,DB,HOU,56.0,0.0,14.0,2026-10-02
26337,Jalyx Hunt,LB,PHI,56.0,0.0,4.1,2026-10-02
18243,Julian Love,DB,SEA,57.0,0.0,23.1,2026-10-02
26221,Byron Murphy II,DL,SEA,57.0,0.0,5.0,2026-10-02
16691,Eric Wilson,LB,MIN,58.0,0.0,8.9,2026-10-02
18202,Ed Oliver,DL,BUF,58.0,0.0,6.1,2026-10-02
15635,Kevin Byard III,DB,NE,59.0,0.0,19.0,2026-10-02
17548,Zach Sieler,DL,MIA,59.0,0.0,2.6,2026-10-02
25777,Jalen Redmond,DL,MIN,60.0,0.0,6.1,2026-10-02
27067,Xavier Watts,DB,ATL,60.0,0.0,19.3,2026-10-02
19272,Nnamdi Madubuike,DL,BAL,61.0,0.0,4.0,2026-10-02
25509,Chamarri Conner,DB,KC,61.0,0.0,23.8,2026-10-02
17342,Tremaine Edmunds,LB,NYG,62.0,0.0,18.4,2026-10-02
22761,Jordan Davis,DL,PHI,62.0,0.0,5.4,2026-10-02
18212,Dre'Mont Jones,DL,NE,63.0,0.0,1.7,2026-10-02
18237,Devin Bush Jr.,LB,CHI,63.0,0.0,27.4,2026-10-02
19261,Akeem Davis-Gaither,LB,IND,64.0,0.0,10.5,2026-10-02
27010,Mason Graham,DL,CLE,64.0,0.0,14.9,2026-10-02
23747,Alontae Taylor,DB,TEN,65.0,0.0,8.7,2026-10-02
24703,Jalen Carter,DL,PHI,65.0,0.0,15.1,2026-10-02
15620,Chris Jones,DL,KC,66.0,0.0,5.6,2026-10-02
23367,Christian Elliss,LB,NE,66.0,0.0,13.2,2026-10-02
17363,Josh Sweat,DL,ARI,67.0,0.0,2.9,2026-10-02
26108,Barrett Carter,LB,CIN,67.0,0.0,11.6,2026-10-02
25254,Will McDonald IV,DL,NYJ,68.0,0.0,2.6,2026-10-02
27299,Demetrius Knight Jr.,LB,CIN,68.0,0.0,37.5,2026-10-02
19216,Xavier McKinney,DB,GB,69.0,0.0,20.0,2026-10-02
26157,Jonah Elliss,LB,DEN,69.0,0.0,0.8,2026-10-02
17278,Minkah Fitzpatrick,DB,NYJ,71.0,0.0,4.9,2026-10-02
18678,Bobby Okereke,LB,CAR,72.0,0.0,11.3,2026-10-02
19108,Jalen Thompson,DB,DAL,73.0,0.0,7.5,2026-10-02
27967,Dillon Thieneman,DB,CHI,74.0,0.0,35.4,2026-10-02
27017,Malaki Starks,DB,BAL,75.0,0.0,27.5,2026-10-02
16733,Budda Baker,DB,ARI,76.0,0.0,42.7,2026-10-02
22809,Pete Werner,LB,NO,77.0,0.0,4.9,2026-10-02
25459,Riley Moss,DB,DEN,78.0,0.0,3.3,2026-10-02
25235,Brian Branch,DB,DET,79.0,0.0,18.5,2026-10-02
18310,Dre Greenlaw,LB,SF,81.0,0.0,4.1,2026-10-02
24690,Jack Gibbens,LB,ARI,83.0,0.0,6.1,2026-10-02
25453,Dorian Williams,LB,BUF,84.0,0.0,2.3,2026-10-02
22968,Jahmyr Gibbs,RB,DET,1.0,0.0,99.8,2026-10-02
23133,Bijan Robinson,RB,ATL,3.0,0.0,99.8,2026-10-02
19788,Ja'Marr Chase,WR,CIN,4.0,2.0,99.8,2026-10-02
23070,Jaxon Smith-Njigba,WR,SEA,4.0,2.0,99.8,2026-10-02
23021,Kenneth Walker III,RB,KC,5.5,2.06,99.6,2026-10-02
19217,Jonathan Taylor,RB,IND,5.67,2.43,99.8,2026-10-02
19799,Amon-Ra St. Brown,WR,DET,7.0,0.0,99.8,2026-10-02
19202,CeeDee Lamb,WR,DAL,9.5,1.12,99.8,2026-10-02
23180,Puka Nacua,WR,LAR,9.67,2.36,99.8,2026-10-02
16393,Christian McCaffrey,RB,SF,10.17,0.37,99.8,2026-10-02
25324,Chase Brown,RB,CIN,12.0,1.41,99.5,2026-10-02
19236,Justin Jefferson,WR,MIN,12.17,3.08,99.8,2026-10-02
20111,Chris Olave,WR,NO,12.17,0.37,99.5,2026-10-02
22958,James Cook III,RB,BUF,12.67,4.15,99.8,2026-10-02
25989,Ashton Jeanty,RB,LV,15.67,1.7,99.7,2026-10-02
15514,Derrick Henry,RB,BAL,17.33,1.7,99.7,2026-10-02
23163,Drake London,WR,ATL,18.0,3.0,99.6,2026-10-02
22916,Zay Flowers,WR,BAL,18.5,2.5,98.8,2026-10-02
17240,Saquon Barkley,RB,PHI,21.67,4.82,99.7,2026-10-02
20130,Nico Collins,WR,HOU,22.5,6.02,99.1,2026-10-02
22963,George Pickens,WR,DAL,23.33,6.75,99.5,2026-10-02
19222,DeVonta Smith,WR,PHI,23.67,4.57,99.4,2026-10-02
22739,Javonte Williams,RB,DAL,24.33,2.69,99.2,2026-10-02
17298,Josh Allen,QB,BUF,25.0,0.0,99.8,2026-10-02
17233,Lamar Jackson,QB,BAL,27.0,0.0,99.8,2026-10-02
23106,Parker Washington,WR,JAC,28.0,8.94,94.3,2026-10-02
25403,Jeremiyah Love,RB,ARI,30.0,9.0,99.2,2026-10-02
19210,D'Andre Swift,RB,CHI,30.67,7.59,96.7,2026-10-02
22936,Trey McBride,TE,ARI,31.0,7.0,99.7,2026-10-02
22955,Brock Bowers,TE,LV,31.0,7.0,99.6,2026-10-02
23072,Garrett Wilson,WR,NYJ,32.5,1.26,98.3,2026-10-02
25409,Malik Nabers,WR,NYG,32.67,5.93,98.6,2026-10-02
19790,Jaylen Waddle,WR,DEN,33.17,1.95,96.9,2026-10-02
23886,Christian Watson,WR,GB,34.0,5.03,95.1,2026-10-02
23059,Kyren Williams,RB,LAR,36.0,7.64,99.0,2026-10-02
25395,Omarion Hampton,RB,LAC,36.5,13.44,99.1,2026-10-02
19797,Brock Purdy,QB,SF,37.5,8.02,92.3,2026-10-02
19211,Tee Higgins,WR,CIN,37.67,2.36,98.1,2026-10-02
25417,Tetairoa McMillan,WR,CAR,38.0,3.65,97.9,2026-10-02
12123,Davante Adams,WR,LAR,41.67,11.07,97.9,2026-10-02
17265,DJ Moore,WR,BUF,42.83,6.52,96.0,2026-10-02
26122,Ladd McConkey,WR,LAC,43.67,4.71,97.4,2026-10-02
22982,Breece Hall,RB,NYJ,44.0,4.58,98.3,2026-10-02
23113,Rashee Rice,WR,KC,44.17,7.38,98.8,2026-10-02
25981,Bucky Irving,RB,TB,46.17,4.49,97.0,2026-10-02
19196,Joe Burrow,QB,CIN,48.33,8.01,98.3,2026-10-02
23062,Emeka Egbuka,WR,TB,51.33,13.15,96.8,2026-10-02
27016,Luther Burden III,WR,CHI,51.67,4.61,92.8,2026-10-02
27166,Cam Skattebo,RB,NYG,53.0,3.16,98.1,2026-10-02
19275,Jalen Hurts,QB,PHI,53.17,16.57,98.5,2026-10-02
12119,Mike Evans,WR,SF,53.17,6.49,94.1,2026-10-02
27297,Bhayshul Tuten,RB,JAC,53.67,1.7,94.1,2026-10-02
19780,Trevor Lawrence,QB,JAC,54.33,8.36,91.4,2026-10-02
18466,Terry McLaurin,WR,WAS,56.17,4.3,94.5,2026-10-02
18218,A.J. Brown,WR,NE,56.33,5.91,97.0,2026-10-02
18239,David Montgomery,RB,HOU,56.5,6.05,96.4,2026-10-02
24706,Josh Downs,WR,IND,58.17,9.51,84.0,2026-10-02
26403,Jalen Coker,WR,CAR,59.67,8.6,89.8,2026-10-02
23677,Jameson Williams,WR,DET,60.67,4.23,93.7,2026-10-02
16413,Patrick Mahomes II,QB,KC,60.83,4.1,93.7,2026-10-02
19792,Chuba Hubbard,RB,CAR,62.67,21.83,94.7,2026-10-02
26024,Matthew Golden,WR,GB,64.0,10.21,87.8,2026-10-02
25391,Quinshon Judkins,RB,CLE,66.5,9.62,94.7,2026-10-02
25411,Rome Odunze,WR,CHI,67.83,4.71,88.8,2026-10-02
23065,TreVeyon Henderson,RB,NE,68.17,8.15,92.2,2026-10-02
13981,Stefon Diggs,WR,WAS,68.5,2.93,88.1,2026-10-02
15600,Dak Prescott,QB,DAL,70.17,3.67,95.6,2026-10-02
18244,Deebo Samuel Sr.,WR,SF,71.0,4.12,79.7,2026-10-02
19231,Travis Etienne Jr.,RB,NO,71.17,17.85,93.2,2026-10-02
24209,Jaylen Warren,RB,PIT,71.33,13.84,93.1,2026-10-02
18219,DK Metcalf,WR,PIT,71.83,6.67,90.9,2026-10-02
26434,Tyler Warren,TE,IND,72.67,14.68,98.7,2026-10-02
16406,Chris Godwin Jr.,WR,TB,73.33,7.27,75.5,2026-10-02
26009,Carnell Tate,WR,TEN,74.17,7.67,86.2,2026-10-02
25333,Michael Wilson,WR,ARI,75.67,12.92,87.6,2026-10-02
15501,Jared Goff,QB,DET,76.5,2.5,83.1,2026-10-02
22726,Rhamondre Stevenson,RB,NE,76.67,11.18,90.6,2026-10-02
27329,Jadarian Price,RB,SEA,78.17,9.89,91.9,2026-10-02
27339,Denzel Boston,WR,CLE,79.5,11.56,64.0,2026-10-02
27331,KC Concepcion Jr.,WR,CLE,79.67,5.19,63.9,2026-10-02
17253,Courtland Sutton,WR,DEN,80.83,6.09,80.2,2026-10-02
25247,Dalton Kincaid,TE,BUF,83.5,21.27,95.1,2026-10-02
26006,Colston Loveland,TE,CHI,85.33,22.54,93.7,2026-10-02
23084,Caleb Williams,QB,CHI,86.0,13.95,92.3,2026-10-02
22985,Wan'Dale Robinson,WR,TEN,86.0,6.56,64.2,2026-10-02
18598,Jakobi Meyers,WR,JAC,87.5,5.85,66.4,2026-10-02
23107,Jordan Addison,WR,MIN,89.67,7.39,81.0,2026-10-02
16499,George Kittle,TE,SF,90.33,14.0,95.8,2026-10-02
23096,Tyler Shough,QB,NO,90.5,11.72,87.3,2026-10-02
23794,Romeo Doubs,WR,NE,92.33,10.59,63.3,2026-10-02
22978,Sam LaPorta,TE,DET,93.83,6.69,97.5,2026-10-02
23000,Brian Thomas Jr.,WR,JAC,94.33,16.39,73.8,2026-10-02
27050,Harold Fannin Jr.,TE,CLE,95.67,5.09,92.4,2026-10-02
23046,Drake Maye,QB,NE,96.5,4.5,88.5,2026-10-02
11594,Travis Kelce,TE,KC,97.83,11.25,95.8,2026-10-02
9451,Matthew Stafford,QB,LAR,98.0,3.0,89.9,2026-10-02
25420,Makai Lemon,WR,PHI,99.33,13.5,60.1,2026-10-02
23123,Quentin Johnston,WR,LAC,99.67,16.72,66.3,2026-10-02
25298,Tucker Kraft,TE,GB,99.67,9.39,93.3,2026-10-02
24357,Adonai Mitchell,WR,NYJ,101.5,10.28,37.1,2026-10-02
23748,Khalil Shakir,WR,BUF,102.67,6.97,57.5,2026-10-02
19246,Jordan Love,QB,GB,103.0,2.65,62.7,2026-10-02
23013,Blake Corum,RB,LAR,103.83,13.07,78.9,2026-10-02
23064,Marvin Harrison Jr.,WR,ARI,105.33,24.2,74.8,2026-10-02
24354,Dontayvion Wicks,WR,PHI,106.67,17.88,34.2,2026-10-02
22900,Bryce Young,QB,CAR,107.0,3.16,59.0,2026-10-02
16673,Aaron Jones Sr.,RB,MIN,107.83,18.43,85.3,2026-10-02
18635,Justin Herbert,QB,LAC,108.67,5.65,84.7,2026-10-02
22910,Bo Nix,QB,DEN,110.0,3.61,78.2,2026-10-02
23019,Xavier Worthy,WR,KC,113.0,20.62,68.6,2026-10-02
19562,Juwan Johnson,TE,NO,113.67,9.34,66.3,2026-10-02
23791,Alec Pierce,WR,IND,115.83,20.15,70.4,2026-10-02
26035,Jordyn Tyson,WR,NO,117.5,14.01,55.5,2026-10-02
27316,Jacory Croskey-Merritt,RB,WAS,118.33,16.05,78.7,2026-10-02
23781,Isaiah Likely,TE,NYG,118.5,1.12,88.2,2026-10-02
19278,Michael Pittman Jr.,WR,PIT,119.17,26.84,75.0,2026-10-02
23499,Malik Willis,QB,MIA,122.67,8.58,25.4,2026-10-02
20164,Kyle Pitts Sr.,TE,ATL,124.0,13.0,80.0,2026-10-02
25337,Tre Tucker,WR,LV,124.67,17.55,45.5,2026-10-02
17270,Dallas Goedert,TE,PHI,124.67,8.9,75.6,2026-10-02
18600,Kyler Murray,QB,MIN,125.0,6.71,63.9,2026-10-02
22902,Jayden Daniels,QB,WAS,125.67,14.19,80.9,2026-10-02
27131,Kyle Monangai,RB,CHI,128.17,19.76,79.5,2026-10-02
17269,Mark Andrews,TE,BAL,128.17,7.95,81.0,2026-10-02
18705,Tony Pollard,RB,TEN,129.0,8.06,87.9,2026-10-02
11616,Keenan Allen,WR,IND,129.17,5.18,40.7,2026-10-02
26409,Devaughn Vele,WR,NO,129.5,43.2,45.2,2026-10-02
17236,Sam Darnold,QB,SEA,131.0,14.87,49.0,2026-10-02
17349,Dalton Schultz,TE,HOU,131.17,8.71,68.4,2026-10-02
22718,Jake Ferguson,TE,DAL,132.5,11.62,81.5,2026-10-02
27211,Pat Bryant,WR,DEN,133.33,17.01,9.1,2026-10-02
19647,Rico Dowdle,RB,PIT,134.33,29.79,80.0,2026-10-02
25345,Brenton Strange,TE,JAC,135.67,6.16,33.2,2026-10-02
19245,J.K. Dobbins,RB,DEN,136.0,18.72,82.4,2026-10-02
23071,C.J. Stroud,QB,HOU,136.67,8.12,41.7,2026-10-02
26215,Tre' Harris,WR,LAC,136.83,23.1,7.3,2026-10-02
11687,Geno Smith,QB,NYJ,137.0,13.34,11.8,2026-10-02
27142,RJ Harvey,RB,DEN,137.17,10.25,77.7,2026-10-02
28135,Caleb Douglas,WR,MIA,139.5,12.39,19.7,2026-10-02
18269,Josh Jacobs,RB,GB,140.83,20.1,85.9,2026-10-02
22989,Kayshon Boutte,WR,HOU,143.33,17.95,18.6,2026-10-02
23091,Terrance Ferguson,TE,LAR,143.67,5.47,24.6,2026-10-02
24687,Rashid Shaheed,WR,SEA,143.83,19.42,36.4,2026-10-02
15561,Hunter Henry,TE,NE,144.17,6.15,54.8,2026-10-02
26055,Kenyon Sadiq,TE,NYJ,144.33,17.09,52.5,2026-10-02
18232,Daniel Jones,QB,IND,146.67,16.25,24.5,2026-10-02
19794,Rashod Bateman,WR,BAL,149.17,9.51,34.5,2026-10-02
23891,Rachaad White,RB,WAS,150.67,22.54,65.3,2026-10-02
26314,Malik Washington,WR,MIA,152.67,31.09,30.2,2026-10-02
8120,Houston Texans,DST,HOU,152.67,3.73,90.9,2026-10-02
18290,T.J. Hockenson,TE,MIN,153.5,4.03,42.6,2026-10-02
25997,Oronde Gadsden II,TE,LAC,154.33,6.18,18.4,2026-10-02
17237,Baker Mayfield,QB,TB,157.67,25.91,48.8,2026-10-02
26335,AJ Barner,TE,SEA,157.83,4.14,15.4,2026-10-02
23982,Chig Okonkwo,TE,WAS,158.17,9.58,19.7,2026-10-02
23153,Greg Dulcich,TE,MIA,160.0,9.02,7.0,2026-10-02
26038,Chris Bell,WR,MIA,161.17,32.45,7.8,2026-10-02
22969,Jordan Mason,RB,MIN,161.67,30.58,68.4,2026-10-02
8260,Seattle Seahawks,DST,SEA,162.0,6.19,96.4,2026-10-02
27320,Jonah Coleman,RB,DEN,163.33,15.64,36.6,2026-10-02
27994,Malachi Fields,WR,NYG,163.67,12.94,11.6,2026-10-02
20163,Pat Freiermuth,TE,PIT,164.5,8.92,18.3,2026-10-02
23310,Kenny Gainwell,RB,TB,165.33,28.72,61.9,2026-10-02
28138,De'Zhaun Stribling,WR,SF,165.67,29.01,43.3,2026-10-02
28401,Kaelon Black,RB,SF,165.67,7.23,33.9,2026-10-02
14104,Darren Waller,TE,CAR,166.67,22.34,28.0,2026-10-02
15642,Jacoby Brissett,QB,ARI,167.5,23.12,12.6,2026-10-02
22973,Michael Penix Jr.,QB,ATL,168.67,33.55,8.0,2026-10-02
23118,MarShawn Lloyd,RB,GB,171.67,23.77,57.4,2026-10-02
8090,Denver Broncos,DST,DEN,171.67,5.37,84.7,2026-10-02
8280,Los Angeles Rams,DST,LAR,172.0,8.31,84.3,2026-10-02
23181,Cade Otton,TE,TB,172.83,10.17,6.8,2026-10-02
28108,Mike Washington Jr.,RB,LV,174.0,12.34,39.6,2026-10-02
26148,Jonathon Brooks,RB,CAR,174.33,15.57,52.0,2026-10-02
27109,Gunnar Helm,TE,TEN,174.5,7.63,3.8,2026-10-02
27520,Woody Marks,RB,HOU,174.67,15.56,52.9,2026-10-02
8230,Philadelphia Eagles,DST,PHI,174.67,5.96,81.1,2026-10-02
28107,Emmett Johnson,RB,KC,174.83,24.07,27.2,2026-10-02
28130,Ted Hurst III,WR,TB,180.83,40.16,4.5,2026-10-02
25418,Antonio Williams,WR,WAS,181.17,25.24,8.5,2026-10-02
25360,Keaton Mitchell,RB,LAC,184.33,20.78,31.1,2026-10-02
27122,Jaylin Noel,WR,HOU,185.83,6.57,4.6,2026-10-02
16081,Kalif Raymond,WR,CHI,186.33,58.57,42.3,2026-10-02
26068,Brandon Aubrey,K,DAL,187.0,0.0,99.1,2026-10-02
24346,Braelon Allen,RB,NYJ,187.33,30.84,71.3,2026-10-02
8240,Pittsburgh Steelers,DST,PIT,187.5,4.11,74.5,2026-10-02
24172,Tyler Allgeier,RB,ARI,188.67,18.12,42.6,2026-10-02
8140,Jacksonville Jaguars,DST,JAC,189.33,1.37,65.5,2026-10-02
8170,Minnesota Vikings,DST,MIN,190.83,20.96,70.0,2026-10-02
26398,Ryan Flournoy,WR,DAL,191.67,31.48,7.0,2026-10-02
15756,Ka'imi Fairbairn,K,HOU,193.0,2.24,91.2,2026-10-02
8180,New England Patriots,DST,NE,193.5,12.07,67.0,2026-10-02
24177,Jalen Nailor,WR,LV,194.0,31.29,18.8,2026-10-02
16411,Evan Engram,TE,DEN,195.0,16.56,4.0,2026-10-02
19201,Jerry Jeudy,WR,CLE,196.17,18.69,15.6,2026-10-02
26475,Cam Little,K,JAC,197.5,2.14,86.2,2026-10-02
8020,Baltimore Ravens,DST,BAL,197.67,16.91,71.0,2026-10-02
25984,Ollie Gordon II,RB,MIA,199.33,72.94,65.2,2026-10-02
8150,Kansas City Chiefs,DST,KC,200.33,10.03,48.0,2026-10-02
14003,Jason Myers,K,SEA,200.33,1.8,90.5,2026-10-02
28127,Omar Cooper Jr.,WR,NYJ,200.67,20.47,13.4,2026-10-02
9001,Aaron Rodgers,QB,PIT,202.33,16.5,9.9,2026-10-02
25323,Tyjae Spears,RB,TEN,203.83,17.83,39.4,2026-10-02
25987,Jaylen Wright,RB,MIA,204.83,40.01,23.1,2026-10-02
16421,Alvin Kamara,RB,NO,207.0,17.99,54.9,2026-10-02
22756,Charlie Kolar,TE,LAC,207.67,33.47,0.7,2026-10-02
17272,Mike Gesicki,TE,CIN,208.83,24.08,10.1,2026-10-02
27337,Ja'Kobi Lane,WR,BAL,211.33,9.45,22.6,2026-10-02
17575,Eddy Pineiro,K,SF,212.5,17.7,55.4,2026-10-02
19590,Jauan Jennings,WR,MIN,213.0,20.65,12.3,2026-10-02
22986,Chris Rodriguez Jr.,RB,JAC,213.83,18.92,31.6,2026-10-02
22908,Tank Bigsby,RB,PHI,214.5,13.7,27.6,2026-10-02
8250,Los Angeles Chargers,DST,LAC,214.83,36.34,35.4,2026-10-02
23297,Evan McPherson,K,CIN,216.5,11.15,63.3,2026-10-02
23152,Zach Charbonnet,RB,SEA,217.33,20.43,55.6,2026-10-02
27534,Tyler Loop,K,BAL,218.0,15.43,66.2,2026-10-02
20094,Brian Robinson Jr.,RB,ATL,221.0,21.19,34.4,2026-10-02
23901,Cameron Dicker,K,LAC,197.8,9.6,83.3,2026-10-02
16433,Cooper Kupp,WR,SEA,222.17,2.48,12.6,2026-10-02
19058,Chase McLaughlin,K,TB,225.0,14.48,22.3,2026-10-02
24755,Cam Ward,QB,TEN,225.33,28.78,10.4,2026-10-02
26075,Jake Bates,K,DET,225.5,15.04,61.5,2026-10-02
19372,Colby Parkinson,TE,LAR,227.33,21.11,3.5,2026-10-02
27446,Isaac TeSlaa,WR,DET,228.83,15.85,3.7,2026-10-02
8270,San Francisco 49ers,DST,SF,208.8,21.27,39.0,2026-10-02
26039,Germie Bernard,WR,PIT,230.83,2.03,5.7,2026-10-02
26638,Harrison Mevis,K,LAR,231.67,26.04,65.9,2026-10-02
16399,David Njoku,TE,LAC,211.6,25.8,7.3,2026-10-02
11177,Kirk Cousins,QB,LV,234.33,36.46,24.2,2026-10-02
26191,Ray Davis,RB,BUF,235.67,3.5,7.4,2026-10-02
17258,Calvin Ridley,WR,TEN,237.0,19.64,6.3,2026-10-02
27165,Kaleb Johnson,RB,GB,237.33,25.95,7.5,2026-10-02
16712,Harrison Butker,K,KC,239.33,16.16,59.6,2026-10-02
26019,Keon Coleman,WR,BUF,239.83,39.19,8.7,2026-10-02
28129,Bryce Lance,WR,NO,241.33,6.92,1.0,2026-10-02
8030,Buffalo Bills,DST,BUF,242.83,44.02,43.8,2026-10-02
8070,Cleveland Browns,DST,CLE,224.0,15.06,25.3,2026-10-02
23179,Jalen McMillan,WR,TB,225.0,17.8,11.3,2026-10-02
26034,Travis Hunter,WR,JAC,244.67,9.1,50.0,2026-10-02
23056,Michael Mayer,TE,LV,226.8,33.91,8.8,2026-10-02
13731,Cairo Santos,K,CHI,227.0,21.08,24.6,2026-10-02
19302,Najee Harris,RB,NYG,246.83,6.07,6.8,2026-10-02
25885,Emanuel Wilson,RB,SEA,247.33,22.15,25.6,2026-10-02
19810,Darnell Mooney,WR,NYG,247.33,5.28,3.2,2026-10-02
13890,Marcus Mariota,QB,WAS,248.17,46.1,11.5,2026-10-02
25304,DeMario Douglas,WR,NE,249.17,41.17,2.9,2026-10-02
22913,Tyquan Thornton,WR,KC,252.5,20.84,2.6,2026-10-02
26355,Kimani Vidal,RB,LAC,253.0,13.45,2.2,2026-10-02
8100,Detroit Lions,DST,DET,239.6,20.69,47.3,2026-10-02
8110,Green Bay Packers,DST,GB,215.25,14.79,42.5,2026-10-02
24360,Kendre Miller,RB,NO,257.33,35.62,6.7,2026-10-02
17066,Kendrick Bourne,WR,ARI,257.67,25.72,1.4,2026-10-02
25419,Zachariah Branch,WR,ATL,258.33,11.4,8.7,2026-10-02
27291,Andy Borregales,K,NE,259.67,33.42,7.5,2026-10-02
28424,Cyrus Allen,WR,KC,244.0,10.73,10.6,2026-10-02
24362,Kaytron Allen,RB,WAS,260.33,13.32,4.2,2026-10-02
13029,Chris Boswell,K,PIT,260.5,28.67,34.8,2026-10-02
19760,Tyler Bass,K,BUF,246.8,34.68,13.2,2026-10-02
16489,Mack Hollins,WR,NE,262.5,23.31,5.8,2026-10-02
26341,Will Reichard,K,MIN,251.4,22.82,51.3,2026-10-02
16423,Samaje Perine,RB,CIN,268.33,11.79,5.9,2026-10-02
22915,George Holani,RB,SEA,268.83,8.63,4.3,2026-10-02
27487,Kyle Williams,WR,NE,255.4,6.89,1.6,2026-10-02
8190,New Orleans Saints,DST,NO,257.6,21.04,21.0,2026-10-02
28154,Eli Raridon,TE,NE,259.8,14.2,1.5,2026-10-02
23092,Troy Franklin,WR,DEN,260.0,17.92,1.4,2026-10-02
22980,Tyrone Tracy Jr.,RB,NYG,273.5,17.16,7.5,2026-10-02
8220,Las Vegas Raiders,DST,LV,209.67,52.22,16.2,2026-10-02
16398,Deshaun Watson,QB,CLE,275.17,12.01,8.7,2026-10-02
8060,Cincinnati Bengals,DST,CIN,210.67,20.43,17.0,2026-10-02
13891,Jameis Winston,QB,NYG,275.33,24.13,4.6,2026-10-02
18256,Justice Hill,RB,BAL,276.17,14.02,8.3,2026-10-02
27059,Elic Ayomanor,WR,TEN,276.5,23.72,1.5,2026-10-02
28896,Roman Wilson,WR,PIT,276.83,16.3,3.8,2026-10-02
27102,Dylan Sampson,RB,CLE,265.0,31.03,10.2,2026-10-02
26005,Mason Taylor,TE,NYJ,247.0,12.39,1.9,2026-10-02
24343,Nicholas Singleton,RB,TEN,279.5,12.61,8.1,2026-10-02
23079,Seth McGowan,RB,IND,280.67,13.09,1.8,2026-10-02
25823,Chris Brooks,RB,GB,280.67,16.54,7.2,2026-10-02
28067,Kevin Coleman Jr.,WR,MIA,269.2,25.51,1.1,2026-10-02
27224,Jack Bech,WR,LV,269.4,23.04,1.4,2026-10-02
27463,Elijah Sarratt,WR,BAL,270.6,10.82,4.1,2026-10-02
28507,Trey Smack,K,GB,254.5,42.2,17.0,2026-10-02
27315,Chimere Dike,WR,TEN,271.6,12.89,1.5,2026-10-02
15623,Tyler Higbee,TE,LAR,273.2,35.3,2.3,2026-10-02
16026,Wil Lutz,K,DEN,257.0,28.38,8.6,2026-10-02
23679,Sean Tucker,RB,TB,285.5,10.53,3.4,2026-10-02
22967,Darnell Washington,TE,PIT,261.0,20.35,2.5,2026-10-02
23080,Marvin Mims Jr.,WR,DEN,277.2,11.58,2.6,2026-10-02
8130,Indianapolis Colts,DST,IND,262.5,44.1,14.8,2026-10-02
23104,Theo Johnson,TE,NYG,263.0,11.2,1.5,2026-10-02
28084,Demond Claiborne,RB,MIN,289.0,11.83,3.7,2026-10-02
23101,Jahan Dotson,WR,ATL,280.0,16.8,1.7,2026-10-02
23144,Eli Stowers,TE,PHI,267.0,23.25,4.2,2026-10-02
28013,Fernando Mendoza,QB,LV,291.5,12.15,15.0,2026-10-02
25335,Andrei Iosivas,WR,CIN,283.4,16.08,1.0,2026-10-02
8080,Dallas Cowboys,DST,DAL,270.5,51.43,18.0,2026-10-02
18280,Devin Singletary,RB,NYG,288.2,14.77,7.5,2026-10-02
24351,Raheim Sanders,RB,CLE,291.2,17.62,3.0,2026-10-02
16447,James Conner,RB,ARI,292.6,19.12,9.0,2026-10-02
27310,Jordan James,RB,SF,292.6,9.0,1.3,2026-10-02
22845,Joshua Palmer,WR,BUF,281.0,34.71,2.6,2026-10-02
17527,Noah Fant,TE,NO,261.67,20.98,1.6,2026-10-02
25654,Emari Demercado,RB,DAL,293.2,19.99,1.3,2026-10-02
17268,Christian Kirk,WR,SF,293.4,24.74,2.2,2026-10-02
26136,Xavier Legette,WR,CAR,293.6,12.72,1.3,2026-10-02
25977,Isaiah Davis,RB,NYJ,302.83,24.29,3.7,2026-10-02
28126,Skyler Bell,WR,BUF,295.6,13.15,3.0,2026-10-02
8290,Tampa Bay Buccaneers,DST,TB,270.33,17.15,20.2,2026-10-02
27097,DJ Giddens,RB,IND,301.6,27.49,0.7,2026-10-02
26022,Tory Horton,WR,SEA,241.5,61.5,1.8,2026-10-02
19229,Cole Kmet,TE,CHI,283.0,25.57,1.8,2026-10-02
25968,Shedeur Sanders,QB,CLE,308.2,22.17,2.6,2026-10-02
22930,Will Shipley,RB,PHI,306.8,11.82,0.9,2026-10-02
18406,Ty Johnson,RB,BUF,310.4,24.63,1.6,2026-10-02
23837,Erick All Jr.,TE,CIN,259.0,15.0,0.6,2026-10-02
23018,J.J. McCarthy,QB,NYG,308.0,12.66,2.6,2026-10-02
27449,Konata Mumpfield,WR,LAR,265.0,34.0,4.2,2026-10-02
28297,Eli Heidenreich,RB,PIT,303.25,8.73,2.2,2026-10-02
25332,Xavier Hutchinson,WR,HOU,291.67,33.48,7.5,2026-10-02
27285,LeQuint Allen Jr.,RB,JAC,312.0,10.14,0.7,2026-10-02
18631,Dawson Knox,TE,BUF,293.67,23.1,1.7,2026-10-02
8300,Tennessee Titans,DST,TEN,206.0,0.0,5.9,2026-10-02
24367,Adam Randall,RB,BAL,318.2,21.45,1.4,2026-10-02
24335,Jarquez Hunter,RB,MIA,319.2,24.19,1.0,2026-10-02
19198,Tua Tagovailoa,QB,ATL,318.2,26.0,4.9,2026-10-02
18545,Matt Gay,K,LV,213.0,0.0,11.6,2026-10-02
8040,Carolina Panthers,DST,CAR,277.0,2.0,10.6,2026-10-02
24333,Isiah Pacheco,RB,DET,298.0,6.16,23.4,2026-10-02
24901,Bam Knight,RB,ARI,309.25,7.36,0.7,2026-10-02
23004,Elijah Arroyo,TE,SEA,284.5,11.5,0.9,2026-10-02
26329,Jawhar Jordan,RB,HOU,312.5,5.17,1.0,2026-10-02
15520,Carson Wentz,QB,MIN,320.0,28.17,1.4,2026-10-02
25321,Tyson Bagent,QB,CHI,315.5,15.82,1.1,2026-10-02
16425,Kareem Hunt,RB,FA,316.0,8.06,0.9,2026-10-02
25393,Trevor Etienne,RB,CAR,324.2,16.47,0.8,2026-10-02
23682,Devin Neal,RB,MIN,326.0,21.12,1.2,2026-10-02
27261,Ryan Fitzgerald,K,CAR,250.0,0.0,2.1,2026-10-02
26309,Sione Vaki,RB,DET,295.5,14.5,1.1,2026-10-02
17420,Daniel Carlson,K,NO,253.0,0.0,3.5,2026-10-02
27259,Brashard Smith,RB,KC,319.25,12.62,1.3,2026-10-02
18706,Darius Slayton,WR,IND,261.0,0.0,1.0,2026-10-02
22953,Carson Beck,QB,ARI,327.75,28.16,2.5,2026-10-02
25361,Tank Dell,WR,HOU,265.0,0.0,25.7,2026-10-02
18226,Hollywood Brown,WR,PHI,309.5,44.5,1.2,2026-10-02
8210,New York Jets,DST,NYJ,274.0,0.0,4.0,2026-10-02
28133,Brenen Thompson,WR,LAC,307.5,23.5,0.9,2026-10-02
23770,Jalen Tolbert,WR,MIA,309.0,34.0,1.1,2026-10-02
28157,Marlin Klein,TE,HOU,277.0,0.0,0.6,2026-10-02
23054,Audric Estime,RB,MIN,328.5,17.39,1.2,2026-10-02
20156,Mac Jones,QB,SF,332.0,27.41,0.9,2026-10-02
8050,Chicago Bears,DST,CHI,280.0,0.0,34.7,2026-10-02
16460,Jonnu Smith,TE,GB,281.0,0.0,0.9,2026-10-02
24778,Jake Tonges,TE,SF,281.0,0.0,1.4,2026-10-02
25416,Barion Brown,WR,NO,284.0,0.0,1.4,2026-10-02
28168,Matt Hibner,TE,BAL,286.0,0.0,1.2,2026-10-02
26310,Ben Sinnott,TE,WAS,313.0,17.0,0.6,2026-10-02
19539,Noah Gray,TE,KC,314.0,28.0,0.6,2026-10-02
9300,Joe Flacco,QB,CIN,322.0,21.23,0.8,2026-10-02
26763,Spencer Shrader,K,IND,287.0,0.0,21.5,2026-10-02
25693,Jacob Saylors,RB,DET,323.0,6.68,1.0,2026-10-02
26012,Malik Benson,WR,LV,290.0,0.0,0.6,2026-10-02
19781,Justin Fields,QB,KC,316.0,22.0,0.9,2026-10-02
24344,Jaydon Blue,RB,PHI,324.0,4.32,1.4,2026-10-02
28125,CJ Daniels,WR,LAR,317.0,3.0,1.3,2026-10-02
26037,Colbie Young,WR,CIN,295.0,0.0,0.8,2026-10-02
22928,Phil Mafah,RB,NYG,317.5,5.5,1.0,2026-10-02
27138,Mitchell Evans,TE,CAR,297.0,0.0,1.0,2026-10-02
11689,Zach Ertz,TE,PHI,299.0,0.0,3.6,2026-10-02
25430,Oscar Delp,TE,NO,305.0,0.0,1.2,2026-10-02
28132,Zavion Thomas,WR,CHI,308.0,0.0,1.8,2026-10-02
20126,Tutu Atwell,WR,LAR,309.0,0.0,0.8,2026-10-02
25388,Trey Benson,RB,ARI,325.0,8.0,1.0,2026-10-02
24371,Isaiah Bond,WR,CLE,331.5,21.5,0.6,2026-10-02
25322,Roschon Johnson,RB,CHI,338.0,18.99,1.3,2026-10-02
8200,New York Giants,DST,NYG,312.0,0.0,15.2,2026-10-02
25287,Cedric Tillman,WR,NO,315.0,0.0,1.0,2026-10-02
28109,J'Mari Taylor,RB,JAC,327.5,9.5,2.3,2026-10-02
26212,Tahj Brooks,RB,CIN,339.0,22.0,0.7,2026-10-02
16483,Austin Ekeler,RB,WAS,319.0,0.0,1.9,2026-10-02
27093,Deion Burks,WR,IND,321.0,0.0,2.0,2026-10-02
18864,Olamide Zaccheaus,WR,ATL,337.0,14.0,0.6,2026-10-02
12127,Odell Beckham Jr.,WR,FA,326.0,0.0,2.7,2026-10-02
24334,Ja'Tavion Sanders,TE,CAR,327.0,0.0,0.6,2026-10-02
22795,Tommy Tremble,TE,CAR,328.0,0.0,0.6,2026-10-02
27147,Tez Johnson,WR,TB,329.0,0.0,0.6,2026-10-02
27288,Dont'e Thornton Jr.,WR,LV,331.0,0.0,0.7,2026-10-02
16540,Jake Elliott,K,PHI,333.0,0.0,7.0,2026-10-02
28427,Nate Boerkircher,TE,JAC,334.0,0.0,1.7,2026-10-02
25387,Roman Hemby,RB,LV,350.5,15.5,0.0,2026-10-02
11425,Case Keenum,QB,CHI,339.0,0.0,3.9,2026-10-02
28161,Sam Roush,TE,CHI,340.0,0.0,0.7,2026-10-02
28079,Justin Joly,TE,MIA,341.0,0.0,2.5,2026-10-02
22923,Josh Whyle,TE,GB,344.0,0.0,1.1,2026-10-02
27144,Savion Williams,WR,GB,347.0,0.0,0.6,2026-10-02
19252,Brandon Aiyuk,WR,SF,349.0,0.0,2.8,2026-10-02
15802,Tyreek Hill,WR,FA,350.0,0.0,17.4,2026-10-02
22905,Treylon Burks,WR,WAS,352.0,0.0,1.7,2026-10-02
8010,Atlanta Falcons,DST,ATL,356.0,0.0,8.8,2026-10-02
25876,Jaleel McLaughlin,RB,CLE,362.0,0.0,0.6,2026-10-02
24361,Cade Klubnik,QB,NYJ,369.0,0.0,1.2,2026-10-02
