"avg_type","id","pos","points","sd_pts","dropoff","floor","ceiling","points_vor","floor_vor","ceiling_vor","rank","floor_rank","ceiling_rank","pos_rank","tier"
"robust","13589","QB",24.404,1.393644,2.524,22.52864,25.884,7.2545,5.91614,7.94917,13,16,12,1,1
"robust","13593","QB",21.88,1.43308116,0.860999999999994,20.894,22.93412,4.7305,4.2815,4.99929000000001,28,23,30,2,2
"robust","15698","QB",21.019,1.2839316,0.232000000000003,19.3,23.0916,3.86950000000001,2.6875,5.15677,43,39,28,3,2
"robust","13116","QB",20.787,3.0348822,0.452200000000001,18.42,23.6304,3.6375,1.8075,5.69557,44,53,24,4,3
"robust","14783","QB",20.3348,0.607865999999995,1.3114,18.87792,24.104,3.1853,2.26542,6.16917,46,43,20,5,4
"robust","12620","QB",19.0234,0.202523159999997,0.598400000000002,18.178,19.4,1.8739,1.5655,1.46517,59,57,66,6,5
"robust","16580","QB",18.425,1.230558,0.123999999999999,16.892,19.94688,1.2755,0.279500000000002,2.01205,67,87,62,7,5
"robust","17039","QB",18.301,1.03811652,0.0810000000000031,17.35984,20.5204,1.1515,0.747340000000001,2.58557,69,72,52,8,5
"robust","15237","QB",18.22,0.370649999999995,0.159499999999994,17.626,19.2496,1.0705,1.0135,1.31477,71,67,68,9,5
"robust","12611","QB",18.0605,1.438122,0.503700000000006,16.911,19.2012,0.911000000000005,0.298500000000001,1.26637000000001,77,85,71,10,6
"robust","14779","QB",17.5568,1.14693936,0.370899999999995,16.6125,18.66658,0.407299999999999,0,0.731749999999998,83,94,85,11,7
"robust","14782","QB",17.1859,0.162196440000001,0.036400000000004,16.92518,17.37,0.036400000000004,0.312679999999997,-0.564829999999997,90,84,108,12,7
"robust","16148","QB",17.1495,0.808017,0.0453499999999991,16.3813,17.91,0,-0.231200000000001,-0.0248299999999979,94,106,95,13,7
"robust","14777","QB",17.10415,0.0979998600000007,0.71415,16.995,17.93483,-0.0453499999999991,0.3825,0,96,80,94,14,8
"robust","14056","QB",16.39,1.171254,0.207999999999998,15.115,18.40042,-0.759499999999999,-1.4975,0.465590000000002,115,134,87,15,8
"robust","9431","QB",16.182,0.9370032,0.489550000000003,13.4754,17.206,-0.967499999999998,-3.1371,-0.728829999999999,119,179,112,16,9
"robust","15694","QB",15.69245,1.40090874,0.206200000000001,14.367,17.46247,-1.45705,-2.2455,-0.472359999999998,132,147,103,17,9
"robust","13113","QB",15.48625,1.252797,0.0364499999999968,14.063,16.89375,-1.66325,-2.5495,-1.04108,135,156,120,18,9
"robust","16582","QB",15.4498,1.08170496,0.00725000000000087,14.3195,16.47482,-1.6997,-2.293,-1.46001,137,148,130,19,9
"robust","16150","QB",15.44255,1.28230074,0.00884999999999891,14.07303,16.8015,-1.70695,-2.53947,-1.13333,138,155,122,20,9
"robust","13592","QB",15.4337,0.841523760000003,0.130550000000001,11.85824,17.12324,-1.7158,-4.75426,-0.811589999999995,140,259,114,21,10
"robust","13590","QB",15.30315,0.644930999999999,0.453150000000001,13.8155,15.98139,-1.84635,-2.797,-1.95344,144,165,146,22,10
"robust","12616","QB",14.85,0.282880080000002,0.484999999999999,13.225,15.17036,-2.2995,-3.3875,-2.76447,157,191,163,23,11
"robust","11150","QB",14.365,0.415127999999999,0.414999999999997,13.943,15.86578,-2.7845,-2.6695,-2.06905,167,162,147,24,12
"robust","14059","QB",13.95,0.667170000000003,0.0468500000000027,13.213,14.96316,-3.1995,-3.3995,-2.97167,182,193,175,25,12
"robust","12140","QB",13.90315,1.163841,0.0565499999999979,12.909,14.96471,-3.24635,-3.7035,-2.97012,184,200,173,26,12
"robust","16581","QB",13.8466,2.59455,0.542950000000001,12.2716,15.4216,-3.3029,-4.3409,-2.51323,188,230,157,27,13
"robust","7836","QB",13.30365,1.171254,0.403649999999999,12.3615,14.45391,-3.84585,-4.251,-3.48091999999999,199,223,194,28,13
"robust","10948","QB",12.9,NA,0.1174,12.9,12.9,-4.2495,-3.7125,-5.03483,218,201,230,29,13
"robust","17030","QB",12.7826,1.289862,0.108900000000002,11.31856,14.8855,-4.3669,-5.29394,-3.04933,223,308,179,30,14
"robust","16583","QB",12.6737,1.126776,0.0486999999999984,11.668,13.86658,-4.4758,-4.9445,-4.06825,227,276,208,31,14
"robust","10700","QB",12.625,1.097124,1.59905,8.67657,13.873,-4.5245,-7.93593,-4.06183,230,404,207,32,15
"robust","16384","QB",11.02595,0.705421079999999,1.47185,2.5532,14.54822,-6.12355,-14.0593,-3.38661,298,405,188,33,16
"robust","12141","QB",9.5541,1.097124,1.6141,1.28076,13.146,-7.5954,-15.33174,-4.78883,385,407,225,34,17
"robust","14057","QB",7.94,10.882284,5.6372,0.814000000000001,14.746,-9.2095,-15.7985,-3.18883,409,412,182,35,18
"robust","17462","QB",2.3028,0.652344,1.4118,1.9068,2.6988,-14.8467,-14.7057,-15.23603,410,406,410,36,19
"robust","17463","QB",0.891,1.3209966,0.033,0.0891000000000001,1.6929,-16.2585,-16.5234,-16.24193,411,433,411,37,19
"robust","17034","QB",0.858,NA,0.028,0.858,0.858,-16.2915,-15.7545,-17.07683,412,408,417,38,19
"robust","16156","QB",0.83,NA,0.002,0.83,0.83,-16.3195,-15.7825,-17.10483,413,409,421,39,19
"robust","15702","QB",0.828,NA,0.004,0.828,0.828,-16.3215,-15.7845,-17.10683,414,410,422,40,19
"robust","12610","QB",0.824,NA,0.096,0.824,0.824,-16.3255,-15.7885,-17.11083,415,411,423,41,19
"robust","17654","QB",0.728,NA,0.1428,0.728,0.728,-16.4215,-15.8845,-17.20683,416,413,433,42,19
"robust","10413","QB",0.5852,0.44596608,0.00319999999999987,0.31448,0.85592,-16.5643,-16.29802,-17.07891,417,416,418,43,19
"robust","15252","QB",0.582,0.5100144,0.00479999999999992,0.2724,0.8916,-16.5675,-16.3401,-17.04323,418,424,415,44,19
"robust","16586","QB",0.5772,0.50823528,0.0174000000000001,0.26868,0.88572,-16.5723,-16.34382,-17.04911,419,426,416,45,19
"robust","13119","QB",0.5598,0.47769372,0.0148000000000001,0.26982,0.84978,-16.5897,-16.34268,-17.08505,420,425,419,46,19
"robust","13595","QB",0.545,0.4255062,0.00339999999999985,0.2867,0.8033,-16.6045,-16.3258,-17.13153,421,420,426,47,19
"robust","14067","QB",0.5416,0.43351224,0.00300000000000011,0.27844,0.80476,-16.6079,-16.33406,-17.13007,422,422,425,48,19
"robust","15692","QB",0.5386,0.45871644,0.00519999999999998,0.26014,0.81706,-16.6109,-16.35236,-17.11777,423,429,424,49,19
"robust","14063","QB",0.5334,0.42787836,0.000800000000000023,0.27366,0.79314,-16.6161,-16.33884,-17.14169,424,423,429,50,19
"robust","16152","QB",0.5326,0.43796004,0.00719999999999987,0.26674,0.79846,-16.6169,-16.34576,-17.13637,425,427,428,51,19
"robust","15238","QB",0.5254,0.0883629600000001,0.0162,0.33676,0.93004,-16.6241,-16.27574,-17.00479,426,415,412,52,19
"robust","13115","QB",0.5092,0.40741848,0.00120000000000009,0.26188,0.75652,-16.6403,-16.35062,-17.17831,427,428,432,53,19
"robust","15241","QB",0.508,0.126021,0.0204,0.3065,0.9095,-16.6415,-16.306,-17.02533,428,418,413,54,19
"robust","17467","QB",0.4876,0.29711304,0.01085,0.30724,0.66796,-16.6619,-16.30526,-17.26687,429,417,434,55,19
"robust","17031","QB",0.47675,0.00504084000000002,0.00174999999999997,0.35374,0.79168,-16.67275,-16.25876,-17.14315,430,414,430,56,19
"robust","14789","QB",0.475,0.704235,0.0102,0.0475,0.9025,-16.6745,-16.565,-17.03233,431,435,414,57,19
"robust","13879","QB",0.4648,0.27457752,0.00380000000000003,0.29812,0.63148,-16.6847,-16.31438,-17.30335,432,419,436,58,19
"robust","9064","QB",0.461,0.0919212,0.04,0.2802,0.8418,-16.6885,-16.3323,-17.09303,433,421,420,59,19
"robust","15693","QB",0.421,0.6241746,0.014,0.0421,0.7999,-16.7285,-16.5704,-17.13493,434,436,427,60,19
"robust","14778","QB",0.407,0.6034182,0.0348,0.0407,0.7733,-16.7425,-16.5718,-17.16153,435,437,431,61,19
"robust","10313","QB",0.3722,0.48599628,0.1298,0.07718,0.66722,-16.7773,-16.53532,-17.26761,436,434,435,62,20
"robust","15240","QB",0.2424,NA,0.0104,0.2424,0.2424,-16.9071,-16.3701,-17.69243,437,430,438,63,20
"robust","16441","QB",0.232,NA,0.00960000000000003,0.232,0.232,-16.9175,-16.3805,-17.70283,438,431,439,64,20
"robust","16584","QB",0.2224,0.07413,0,0.1774,0.2674,-16.9271,-16.4351,-17.66743,439,432,437,65,20
"robust","16162","RB",21.7535,0.741300000000005,3.1235,21.0394,24.566,14.78475,15.09665,16.072,1,1,1,1,1
"robust","15711","RB",18.63,1.275036,0.562999999999999,15.2808,20.08,11.66125,9.33805,11.586,2,4,2,2,1
"robust","14802","RB",18.067,1.40847,0.381999999999998,16.6108,20,11.09825,10.66805,11.506,3,3,3,3,2
"robust","13130","RB",17.685,0.696822000000003,0.414999999999999,16.8424,18.794,10.71625,10.89965,10.3,4,2,5,4,2
"robust","12626","RB",17.27,0.637518,0.0700000000000038,15.096,18.388,10.30125,9.15325,9.894,6,5,7,5,2
"robust","16161","RB",17.2,0.550044599999998,1.2,13.954,18.1542,10.23125,8.01125,9.6602,7,9,8,6,3
"robust","17042","RB",16,2.66868,0.359999999999999,13.3684,18.44,9.03125,7.42565,9.946,8,10,6,7,3
"robust","15715","RB",15.64,0.563388000000004,1.2,15.0792,16.6,8.67125,9.13645,8.106,10,6,11,8,4
"robust","16181","RB",14.44,0.533735999999999,0.172499999999999,11.914,15.6808,7.47125,5.97125,7.1868,11,15,14,9,4
"robust","16167","RB",14.2675,0.593039999999998,0.0682500000000008,13.276,15.359,7.29875,7.33325,6.865,12,12,16,10,4
"robust","15256","RB",14.19925,0.799862700000002,0.0392499999999991,13.362,15.41985,7.2305,7.41925,6.92585,14,11,15,11,4
"robust","17044","RB",14.16,0.593039999999999,0.587000000000002,12.4238,14.816,7.19125,6.48105,6.322,15,13,18,12,5
"robust","13604","RB",13.573,5.3210514,0.246749999999999,8.9441,17.3411,6.60425,3.00135,8.8471,17,35,9,13,5
"robust","15708","RB",13.32625,0.722767500000001,0.463000000000001,11.00875,14.1545,6.3575,5.066,5.6605,19,18,25,14,6
"robust","17045","RB",12.86325,1.6063971,0.916,11.13405,14.709,5.8945,5.1913,6.215,20,17,19,15,7
"robust","14071","RB",11.94725,1.082298,0.0502500000000001,8.591,13.18535,4.9785,2.64825,4.69135,24,40,35,16,7
"robust","15261","RB",11.897,2.6627496,0.131749999999998,9.6858,14.566,4.92825,3.74305,6.072,26,27,21,17,8
"robust","15742","RB",11.76525,1.77912,0.403000000000002,10.336,13.39785,4.7965,4.39325,4.90385,27,21,32,18,8
"robust","13319","RB",11.36225,1.3261857,0.039749999999998,9.8145,12.69615,4.3935,3.87175,4.20215,30,25,39,19,8
"robust","15710","RB",11.3225,2.765049,0.0100000000000016,7.9655,14.432,4.35375,2.02275,5.938,32,47,23,20,8
"robust","16598","RB",11.3125,1.4032809,0.31175,9.79845,13.4625,4.34375,3.8557,4.9685,33,26,31,21,9
"robust","17472","RB",11.00075,1.349166,0.0997500000000002,8.73,12.38745,4.032,2.78725,3.89345,38,38,42,22,9
"robust","14797","RB",10.901,1.690164,0.0239999999999991,9.0346,13.647,3.93225,3.09185,5.153,39,34,29,23,9
"robust","17051","RB",10.877,2.1408744,0.650499999999999,9.19,12.6102,3.90825,3.24725,4.1162,40,32,40,24,10
"robust","17473","RB",10.2265,2.3528862,0.914250000000001,8.1436,12.9135,3.25775,2.20085,4.4195,45,44,38,25,11
"robust","15259","RB",9.31225,1.5648843,0.0935000000000006,7.70835,10.829,2.3435,1.7656,2.335,50,54,55,26,11
"robust","17052","RB",9.21875,2.2498455,0.0165000000000006,7.47025,11.2735,2.25,1.5275,2.7795,52,60,50,27,11
"robust","15253","RB",9.20225,1.55673,0.431249999999999,7.83185,10.5905,2.2335,1.8891,2.0965,54,50,60,28,11
"robust","14085","RB",8.771,0.762056400000002,0.74075,7.92,10.6827,1.80225,1.97725,2.1887,60,49,57,29,12
"robust","17043","RB",8.03025,2.2239,0.122999999999999,6.30785,9.725,1.0615,0.3651,1.231,72,81,72,30,13
"robust","14800","RB",7.90725,1.223145,0.271151955843958,6.815,9.32465,0.9385,0.872249999999999,0.830650000000002,74,69,84,31,13
"robust","14823","RB",7.63609804415604,0.499238906843833,0.648348044156043,7.1186,8.80751960883121,0.667348044156042,1.17585,0.313519608831209,80,65,89,32,14
"robust","17256","RB",6.98775,0.963690000000001,0.00124999999999886,5.92765,8.494,0.0189999999999992,-0.0151000000000003,0,92,95,94,33,14
"robust","16593","RB",6.9865,1.119363,0.0177500000000004,5.86,8.4371,0.0177500000000004,-0.082749999999999,-0.0568999999999988,93,98,97,34,14
"robust","17066","RB",6.96875,1.33434,0.0830000000000002,5.94275,8.0315,0,0,-0.462499999999999,94,94,102,35,14
"robust","17068","RB",6.88575,0.800604,0.1305,5.954,8.5307,-0.0830000000000002,0.0112500000000004,0.0367000000000015,98,93,92,36,14
"robust","16604","RB",6.75525,1.5115107,0.00300000000000011,4.86865,8.3055,-0.213500000000001,-1.0741,-0.188499999999999,99,122,99,37,14
"robust","16165","RB",6.75225,0.6590157,0.577249999999999,6.02,7.49535,-0.216500000000001,0.0772500000000003,-0.99865,100,90,119,38,15
"robust","17053","RB",6.175,0.259455000000001,0.0572499999999998,5.8875,7.5889,-0.79375,-0.0552500000000009,-0.905100000000001,116,97,116,39,15
"robust","15712","RB",6.11775,1.1645823,0.235250000000001,5.2575,7.05815,-0.851,-0.68525,-1.43585,117,115,129,40,15
"robust","15721","RB",5.8825,1.0044615,0.1485,4.81775,9.585,-1.08625,-1.125,1.091,121,125,77,41,15
"robust","15255","RB",5.734,1.5241128,0.124999999999999,4.405,7.1414,-1.23475,-1.53775,-1.3526,124,135,127,42,16
"robust","16597","RB",5.609,0,0.0365000000000011,5.609,5.609,-1.35975,-0.333749999999999,-2.885,129,111,169,43,16
"robust","13132","RB",5.5725,0.277987500000001,0.4475,5.27675,6.2845,-1.39625,-0.666,-2.2095,130,114,148,44,16
"robust","16432","RB",5.125,1.000755,0.12875,1.5425,6.1825,-1.84375,-4.40025,-2.3115,143,234,150,45,16
"robust","17474","RB",4.99625,1.564143,0.29625,3.58625,6.6215,-1.9725,-2.3565,-1.8725,147,150,142,46,17
"robust","16387","RB",4.7,0.3343263,0.0249999999999995,3.085,5.08335,-2.26875,-2.85775,-3.41065,155,169,191,47,17
"robust","17485","RB",4.675,0.455899499999999,0.0312500000000009,4.16225,8.2785,-2.29375,-1.7805,-0.215500000000002,156,140,100,48,17
"robust","14086","RB",4.64375,0.6634635,0.139749999999999,3.905,5.44725,-2.325,-2.03775,-3.04675,158,141,178,49,17
"robust","16596","RB",4.504,1.571556,0.102000000000001,2.98,5.9664,-2.46475,-2.96275,-2.5276,161,176,158,50,17
"robust","16178","RB",4.402,0.96369,0.100249999999999,3.3762,6.13,-2.56675,-2.56655,-2.364,163,158,152,51,17
"robust","15716","RB",4.30175,0.822843,0.158,3.42,5.24895,-2.667,-2.52275,-3.24505,166,154,186,52,18
"robust","13133","RB",4.14375,1.0118745,0.14425,3.02,5.04175,-2.825,-2.92275,-3.45225,168,174,193,53,18
"robust","17048","RB",3.9995,1.4247786,0.166500000000001,2.6107,5.151,-2.96925,-3.33205,-3.343,172,189,187,54,18
"robust","16164","RB",3.833,1.7731896,0.0257499999999999,2.135,5.7928,-3.13575,-3.80775,-2.7012,180,206,161,55,18
"robust","16174","RB",3.80725,1.1438259,0.0389999999999997,2.63,5.55995,-3.1615,-3.31275,-2.93405,181,187,171,56,18
"robust","14080","RB",3.76825,0.770951999999999,0.0682499999999999,3.052,4.8817,-3.2005,-2.89075,-3.6123,183,171,196,57,18
"robust","17685","RB",3.7,3.26172,0.171756029970929,1.72,5.68,-3.26875,-4.22275,-2.814,187,222,165,58,18
"robust","16171","RB",3.52824397002907,2.5374877800698,0.045243970029071,1.46204879400581,5.27084879400581,-3.44050602997093,-4.48070120599419,-3.22315120599418,191,240,184,59,18
"robust","17060","RB",3.483,3.29203331261851e-16,0.10925,3.483,3.483,-3.48575,-2.45975,-5.011,193,151,227,60,19
"robust","17482","RB",3.37375,0.7153545,0.0512499999999996,2.63,4.66575,-3.595,-3.31275,-3.82825,195,187,203,61,19
"robust","17477","RB",3.3225,4.15128,0.359500000000001,0.00999999999999984,6.6035,-3.64625,-5.93275,-1.8905,198,353,143,62,19
"robust","15718","RB",2.963,0,0.0755000000000008,2.963,2.963,-4.00575,-2.97975,-5.531,208,177,247,63,19
"robust","16608","RB",2.8875,0.88956,0.111499999999999,1.9125,6.92785,-4.08125,-4.03025,-1.56615,212,217,134,64,19
"robust","14815","RB",2.776,0.311346,0.0199999999999996,2.121,4.1766,-4.19275,-3.82175,-4.3174,215,207,212,65,19
"robust","11367","RB",2.756,0.9147642,0.0884999999999998,1.6617,4.7127,-4.21275,-4.28105,-3.7813,216,227,201,66,19
"robust","17062","RB",2.6675,0.607866,0.0445000000000002,1.691,4.616,-4.30125,-4.25175,-3.878,219,224,204,67,20
"robust","17049","RB",2.623,0,0.0122499999999999,2.623,2.623,-4.34575,-3.31975,-5.871,220,188,258,68,20
"robust","16385","RB",2.61075,0.44478,0.0707500000000003,2.13645,3.754,-4.358,-3.8063,-4.74,222,205,224,69,20
"robust","17784","RB",2.54,NA,0.0749999999999997,2.54,2.54,-4.42875,-3.40275,-5.954,226,194,261,70,20
"robust","14095","RB",2.465,0.763539,0.0334999999999996,1.9495,2.9485,-4.50375,-3.99325,-5.5455,229,215,249,71,20
"robust","16678","RB",2.4315,0.7605738,0.0670000000000002,1.45,3.2471,-4.53725,-4.49275,-5.2469,231,241,238,72,20
"robust","14805","RB",2.3645,0.0919212000000004,0.0895000000000001,1.9442,3.368,-4.60425,-3.99855,-5.126,232,216,235,73,20
"robust","15254","RB",2.275,0.2757636,0.0879318131985283,1.9688,2.725,-4.69375,-3.97395,-5.769,235,211,256,74,20
"robust","16752","RB",2.18706818680147,0.0425910249925515,0.156068186801472,2.1531454724853,2.2339,-4.78168181319853,-3.7896045275147,-6.2601,238,204,264,75,20
"robust","14083","RB",2.031,NA,0.0675000000000001,2.031,2.031,-4.93775,-3.91175,-6.463,241,209,271,76,20
"robust","16610","RB",1.9635,1.475187,0.1825,0.83,3.1929,-5.00525,-5.11275,-5.3011,242,297,240,77,21
"robust","12155","RB",1.781,0.5648706,0.068687771389758,1.4381,2.1239,-5.18775,-4.50465,-6.3701,247,245,268,78,21
"robust","16850","RB",1.71231222861024,0.606940179724911,0.140312228610242,1.32226244572205,2.08906244572205,-5.25643777138976,-4.62048755427795,-6.40493755427795,248,253,270,79,21
"robust","16747","RB",1.572,0,0.00299999999999989,1.572,1.572,-5.39675,-4.37075,-6.922,254,231,301,80,21
"robust","16496","RB",1.569,NA,0.0240000000000002,1.569,1.569,-5.39975,-4.37375,-6.925,255,232,302,81,21
"robust","17061","RB",1.545,0.111195,0.0284999999999997,1.2435,1.7025,-5.42375,-4.69925,-6.7915,256,256,290,82,21
"robust","17476","RB",1.5165,0.3869586,0.004,1.2205,1.7749,-5.45225,-4.72225,-6.7191,258,258,283,83,21
"robust","17475","RB",1.5125,0.4069737,0.13975,0.99,1.97415,-5.45625,-4.95275,-6.51985,259,277,274,84,21
"robust","17478","RB",1.37275,0.3321024,0.0853799668874171,1.0984,1.7635,-5.596,-4.84435,-6.7305,262,271,285,85,21
"robust","16166","RB",1.28737003311258,0.4981536,0.0131200331125831,0.588132119205298,1.7424,-5.68137996688742,-5.3546178807947,-6.7516,266,311,286,86,21
"robust","16603","RB",1.27425,0.3239481,0.0144999999999997,0.857,1.59945,-5.6945,-5.08575,-6.89455,267,294,298,87,21
"robust","16601","RB",1.25975,1.6768206,0.0472500000000002,-0.0178999999999999,2.953,-5.709,-5.96065,-5.541,268,357,248,88,21
"robust","17481","RB",1.2125,0.29652,0.0784680213191205,0.72,2.205,-5.75625,-5.22275,-6.289,273,303,265,89,21
"robust","15727","RB",1.13403197868088,0.203331692271819,0.0120319786808794,0.762356395736176,1.35985,-5.83471802131912,-5.18039360426382,-7.13415,276,300,317,90,21
"robust","17055","RB",1.122,0,0.012,1.122,1.122,-5.84675,-4.82075,-7.372,278,266,322,91,21
"robust","12325","RB",1.11,NA,0.0310000000000001,1.11,1.11,-5.85875,-4.83275,-7.384,279,268,324,92,22
"robust","17274","RB",1.079,NA,0.038,1.079,1.079,-5.88975,-4.86375,-7.415,282,272,327,93,22
"robust","17059","RB",1.041,0.059304,0.0529094592932058,0.9554,1.1,-5.92775,-4.98735,-7.394,284,282,326,94,22
"robust","16746","RB",0.988090540706794,0.218210671303786,0.0270905407067942,0.830718108141359,1.18531810814136,-5.98065945929321,-5.11203189185864,-7.30868189185864,287,296,319,95,22
"robust","13455","RB",0.961,NA,0.00499999999999989,0.961,0.961,-6.00775,-4.98175,-7.533,289,279,329,96,22
"robust","15103","RB",0.956,NA,0.005,0.956,0.956,-6.01275,-4.98675,-7.538,290,281,330,97,22
"robust","16757","RB",0.951,0.8169126,0.0160000000000001,0.4551,1.4469,-6.01775,-5.48765,-7.0471,291,321,310,98,22
"robust","16613","RB",0.935,0,0.0189999999999999,0.935,0.935,-6.03375,-5.00775,-7.559,293,286,331,99,22
"robust","14420","RB",0.916,NA,0.11,0.916,0.916,-6.05275,-5.02675,-7.578,296,287,332,100,22
"robust","17058","RB",0.806,0,0.0640000000000001,0.806,0.806,-6.16275,-5.13675,-7.688,299,298,342,101,22
"robust","16175","RB",0.742,0.59304,0.0549999999999999,0.2312,1.16,-6.22675,-5.71155,-7.334,307,341,320,102,22
"robust","14073","RB",0.687,0,0.17,0.687,0.687,-6.28175,-5.25575,-7.807,310,305,347,103,22
"robust","16391","RB",0.517,NA,0.0330000000000001,0.517,0.517,-6.45175,-5.42575,-7.977,320,316,355,104,22
"robust","15965","RB",0.484,NA,0.0229999999999999,0.484,0.484,-6.48475,-5.45875,-8.01,323,319,356,105,22
"robust","16816","RB",0.461,NA,0.000999999999999945,0.461,0.461,-6.50775,-5.48175,-8.033,326,320,358,106,22
"robust","14319","RB",0.46,0.681996,0.0150000000000001,0.046,0.874,-6.50875,-5.89675,-7.62,327,351,335,107,22
"robust","16606","RB",0.445,NA,0.118,0.445,0.445,-6.52375,-5.49775,-8.049,330,323,359,108,23
"robust","15767","RB",0.327,NA,0.055,0.327,0.327,-6.64175,-5.61575,-8.167,338,332,363,109,23
"robust","15726","RB",0.272,NA,0.062,0.272,0.272,-6.69675,-5.67075,-8.222,344,337,366,110,23
"robust","17359","RB",0.21,NA,0.049,0.21,0.21,-6.75875,-5.73275,-8.284,350,344,371,111,23
"robust","15414","RB",0.161,0,0.001,0.161,0.161,-6.80775,-5.78175,-8.333,351,345,372,112,23
"robust","16957","RB",0.16,NA,0,0.16,0.16,-6.80875,-5.78275,-8.334,352,346,373,113,23
"robust","16185","WR",19.09,1.957032,1.593,16.1112,21.48,10.592,8.927,11.413,5,7,4,1,1
"robust","15287","WR",17.497,1.33434,1.997,16.0852,18.864,8.999,8.901,8.797,9,8,10,2,2
"robust","15754","WR",15.5,2.59936845000001,0.539999999999999,13.418,17.60265,7.002,6.2338,7.53565,16,14,13,3,3
"robust","14832","WR",14.96,1.986684,0.657499999999999,11.988,16.8336,6.462,4.8038,6.7666,18,20,17,4,4
"robust","15789","WR",14.3025,0.244628999999999,0.102500000000003,10.37275,14.57,5.8045,3.18855,4.503,21,33,37,5,4
"robust","15281","WR",14.2,1.690164,0.734999999999999,12.2406,16.016,5.702,5.0564,5.949,22,19,22,6,4
"robust","14836","WR",13.465,2.327682,0.354999999999999,11.384,15.294,4.967,4.1998,5.227,25,24,27,7,5
"robust","16211","WR",13.11,1.912554,0.2265,3.622,14.8156,4.612,-3.5622,4.7486,29,196,34,8,5
"robust","15753","WR",12.8835,0.4759146,0.122000000000003,10.1587,13.379,4.3855,2.9745,3.312,31,36,46,9,5
"robust","16190","WR",12.7615,2.37216,0.0404999999999962,10.62,14.8764,4.2635,3.4358,4.8094,34,28,33,10,5
"robust","15762","WR",12.721,0.941450999999998,0.0709999999999997,9.54166666666667,13.7641,4.223,2.35746666666667,3.6971,35,41,43,11,5
"robust","15282","WR",12.65,1.097124,0.0200000000000014,10.547,14.118,4.152,3.3628,4.051,36,29,41,12,5
"robust","16194","WR",12.63,3.7598736,0.242000000000001,8.02,15.4252,4.132,0.835799999999999,5.3582,37,70,26,13,5
"robust","16192","WR",12.388,1.060059,0.00399999999999956,10.0855,13.5563,3.89,2.9013,3.4893,41,37,45,14,5
"robust","11671","WR",12.384,1.1030544,1.127,7.6968,13.58,3.886,0.512599999999999,3.513,42,75,44,15,6
"robust","15751","WR",11.257,0.8213604,0.358250000000002,10.475,12.1132,2.759,3.2908,2.0462,48,30,61,16,6
"robust","11675","WR",10.89875,2.045988,0.158249999999999,9.04025,12.969,2.40075,1.85605,2.902,49,52,49,17,6
"robust","15290","WR",10.7405,0.504825299999999,0.0387500000000003,10.43405,11.04695,2.2425,3.24985,0.979949999999999,53,31,81,18,6
"robust","17071","WR",10.70175,1.653099,0.0379999999999985,9.27155,12.3395,2.20375,2.08735,2.2725,55,46,56,19,6
"robust","16809","WR",10.66375,1.475187,0.111250000000004,9.0565,12.25175,2.16575,1.8723,2.18475,56,51,58,20,6
"robust","16615","WR",10.5525,1.653099,0.394499999999999,9.3285,11.717,2.0545,2.1443,1.65,57,45,64,21,7
"robust","14835","WR",10.158,1.5923124,0.00950000000000095,8.2463,11.7015,1.66,1.0621,1.6345,62,66,65,22,7
"robust","15284","WR",10.1485,1.6071384,0.117499999999998,8.4855,12.5547,1.6505,1.3013,2.4877,63,63,53,23,7
"robust","15756","WR",10.031,1.0467156,0.242749999999999,7.4332,11.174,1.533,0.249,1.107,64,88,74,24,7
"robust","17075","WR",9.78825,2.89107,0.274250000000002,7.49795,12.235,1.29025,0.31375,2.168,66,83,59,25,7
"robust","16184","WR",9.514,0,0.0808333333333326,9.514,9.514,1.016,2.3298,-0.553000000000001,73,42,106,26,7
"robust","14102","WR",9.43316666666667,1.373876,0.0461666666666662,7.91606666666667,11.1255,0.935166666666666,0.731866666666666,1.0585,75,73,78,27,7
"robust","16627","WR",9.387,0.6049008,0.134499999999999,8.745,11.1599,0.888999999999999,1.5608,1.0929,78,58,76,28,7
"robust","14136","WR",9.2525,1.11195,0.0982500000000002,7.9965,11.34,0.7545,0.8123,1.273,79,71,70,29,8
"robust","17081","WR",9.15425,0.681996000000001,0.267500000000002,8.43855,10.918,0.65625,1.25435,0.851000000000001,81,64,83,30,8
"robust","16187","WR",8.88675,0.7776237,0.067499999999999,8.02,10.35235,0.388749999999998,0.835799999999999,0.285350000000001,85,70,91,31,8
"robust","15779","WR",8.81925,1.4826,0.0812500000000007,7.481,10.36645,0.321249999999999,0.296799999999999,0.29945,86,86,90,32,8
"robust","16206","WR",8.738,0.509025999999999,0.0814999999999984,8.17513333333333,10.6685,0.239999999999998,0.990933333333334,0.6015,87,68,86,33,8
"robust","14109","WR",8.6565,1.3536138,0.0972500000000007,7.1842,11.0184,0.1585,0,0.9514,88,94,82,34,8
"robust","12186","WR",8.55925,0.923412700000001,0.0612499999999994,7.61633333333333,10.08235,0.0612499999999994,0.432133333333333,0.0153499999999998,89,77,93,35,8
"robust","16620","WR",8.498,1.7405724,0.0564999999999998,6.8758,10.067,0,-0.308400000000001,0,94,109,94,36,8
"robust","17500","WR",8.4415,1.1668062,0.203749999999999,7.2574,9.5185,-0.0564999999999998,0.0731999999999999,-0.548499999999999,97,91,105,37,8
"robust","15293","WR",8.23775,3.40998,0.0642500000000013,4.975,11.37765,-0.260249999999999,-2.2092,1.31065,101,146,69,38,9
"robust","17070","WR",8.1735,0.317276400000001,0.0380000000000003,7.8315,8.8842,-0.3245,0.6473,-1.1828,102,74,123,39,9
"robust","16788","WR",8.1355,1.304688,0.0389999999999997,6.8123,10.039,-0.362500000000001,-0.3719,-0.0280000000000005,103,112,96,40,9
"robust","16188","WR",8.0965,0.911799,0.00700000000000323,7.0644,9.3795,-0.4015,-0.1198,-0.687499999999998,104,101,110,41,9
"robust","15761","WR",8.0895,1.097124,0.0349999999999966,6.8677,9.557,-0.408500000000004,-0.3165,-0.510000000000002,105,110,104,42,9
"robust","14842","WR",8.0545,0.134916599999999,0.00875000000000092,7.5709,8.2909,-0.4435,0.386699999999999,-1.7761,106,79,139,43,9
"robust","17501","WR",8.04575,0.96369,0.0482500000000012,7.093,9.11855,-0.452250000000001,-0.0912000000000006,-0.948450000000001,107,99,117,44,9
"robust","14127","WR",7.9975,1.6909053,0.033999999999998,5.8645,9.90935,-0.500500000000002,-1.3197,-0.15765,108,130,98,45,9
"robust","16186","WR",7.9635,0.548561999999999,0.0480000000000009,7.059,8.5911,-0.5345,-0.1252,-1.4759,109,102,131,46,9
"robust","13630","WR",7.9155,0.859908,0.0322499999999994,6.9473,9.354,-0.582500000000001,-0.2369,-0.712999999999999,110,107,111,47,9
"robust","16618","WR",7.88325,0.808017,0.0532500000000002,6.95945,8.8335,-0.614750000000001,-0.224750000000001,-1.2335,111,105,126,48,9
"robust","17497","WR",7.83,0.578214000000001,0.0447500000000005,7.0907,8.489,-0.668000000000001,-0.0935000000000006,-1.578,113,100,136,49,9
"robust","13163","WR",7.78525,1.490013,0.184999999999999,5.8685,9.30265,-0.712750000000002,-1.3157,-0.76435,114,129,113,50,9
"robust","16287","WR",7.60025,1.793946,0.20125,5.60885,9.242,-0.89775,-1.57535,-0.824999999999999,118,136,115,51,9
"robust","16684","WR",7.399,0.3024504,0.0340000000000007,6.9164,8.36,-1.099,-0.267799999999999,-1.707,122,108,138,52,9
"robust","15757","WR",7.365,1.237971,0.22125,5.925,8.693,-1.133,-1.2592,-1.374,123,127,128,53,10
"robust","16195","WR",7.14375,0.704234999999999,0.0607499999999987,6.38275,8.569,-1.35425,-0.80145,-1.498,128,118,133,54,10
"robust","16616","WR",7.083,0.515944799999999,0.124250000000001,6.41126666666667,7.643,-1.415,-0.772933333333333,-2.424,131,117,153,55,10
"robust","16626","WR",6.95875,1.2639165,0.0164999999999997,5.60775,8.378,-1.53925,-1.57645,-1.689,133,137,137,56,10
"robust","17499","WR",6.94225,1.2357471,0.134250000000001,4.66495,8.2755,-1.55575,-2.51925,-1.7915,134,153,140,57,10
"robust","11222","WR",6.808,0.808017,0.0250000000000004,6.1385,7.5587,-1.69,-1.0457,-2.5083,136,121,156,58,10
"robust","16080","WR",6.783,0.471466800000001,0.0331666666666663,5.6016,7.308,-1.715,-1.5826,-2.759,139,138,162,59,10
"robust","13289","WR",6.74983333333333,0.9755508,0.102583333333333,5.70783333333333,7.5956,-1.74816666666667,-1.47636666666667,-2.4714,141,132,155,60,10
"robust","13635","WR",6.64725,1.6145514,0.16475,2.15,8.9801,-1.85075,-5.0342,-1.0869,145,288,121,61,10
"robust","16342","WR",6.4825,0.763539000000001,0.1295,5.845,7.0955,-2.0155,-1.3392,-2.9715,150,131,174,62,10
"robust","12785","WR",6.353,0,0.0455000000000005,6.353,6.353,-2.145,-0.831200000000001,-3.714,151,119,200,63,10
"robust","16193","WR",6.3075,0.941451000000001,0.0554999999999986,4.4745,7.276,-2.1905,-2.7097,-2.791,152,163,164,64,10
"robust","16614","WR",6.252,1.0911936,0.00725000000000087,5.0752,7.384,-2.246,-2.109,-2.683,153,144,160,65,10
"robust","16201","WR",6.24475,1.8391653,0.27625,4.38665,8.8445,-2.25325,-2.79755,-1.2225,154,166,125,66,11
"robust","14860","WR",5.9685,0.174946800000002,0.072166666666666,4.3452,6.6582,-2.5295,-2.839,-3.4088,162,168,190,67,11
"robust","16617","WR",5.89633333333333,1.954561,0.0346666666666664,4.02913333333333,8.121,-2.60166666666667,-3.15506666666667,-1.946,164,180,145,68,11
"robust","17599","WR",5.86166666666667,1.1912691,0.203916666666667,1.9765,7.20695,-2.63633333333333,-5.2077,-2.86005,165,302,167,69,11
"robust","13629","WR",5.65775,1.3914201,0.0633333333333326,4.23,7.72005,-2.84025,-2.9542,-2.34695,169,175,151,70,11
"robust","13164","WR",5.59441666666667,2.1949893,0.0494166666666684,3.79566666666667,7.23835,-2.90358333333333,-3.38853333333333,-2.82865,170,192,166,71,11
"robust","17511","WR",5.545,0.385475999999999,0.0399999999999983,5.133,6.2813,-2.953,-2.0512,-3.7857,171,142,202,72,11
"robust","13418","WR",5.505,0.887089000000001,0.0963333333333338,4.60583333333333,6.8897,-2.993,-2.57836666666667,-3.1773,173,159,181,73,11
"robust","17072","WR",5.40866666666667,1.1075022,0.0086666666666666,3.9814,6.6775,-3.08933333333333,-3.2028,-3.3895,176,183,189,74,11
"robust","16778","WR",5.4,1.356579,0.157999999999999,3.8845,7.16515,-3.098,-3.2997,-2.90185,177,186,170,75,11
"robust","13066","WR",5.242,0.827290800000001,0.00550000000000139,4.379,7.1084,-3.256,-2.8052,-2.9586,185,167,172,76,11
"robust","17080","WR",5.2365,1.7257464,0.216249999999999,2.6873,7.0735,-3.2615,-4.4969,-2.9935,186,242,177,77,12
"robust","17082","WR",5.02025,1.067472,0.144083333333334,3.99505,5.8862,-3.47775,-3.18915,-4.1808,192,182,211,78,12
"robust","14833","WR",4.87616666666667,1.1129384,0.226166666666666,3.75066666666667,6.3827,-3.62183333333333,-3.43353333333333,-3.6843,196,195,199,79,12
"robust","15786","WR",4.65,0.313569899999999,0.0289999999999999,4.09,4.98955,-3.848,-3.0942,-5.07745,200,178,233,80,12
"robust","17011","WR",4.621,NA,0.00324999999999953,4.621,4.621,-3.877,-2.5632,-5.446,201,157,245,81,12
"robust","15787","WR",4.61775,1.55673,0.00500000000000078,3.41665,5.976,-3.88025,-3.76755,-4.091,202,203,209,82,12
"robust","17506","WR",4.61275,0.3951129,0.0161666666666669,3.92921666666667,5.0475,-3.88525,-3.25498333333333,-5.0195,203,184,228,83,12
"robust","17519","WR",4.59658333333333,2.4238039,0.0407499999999992,2.36633333333333,6.83395,-3.90141666666667,-4.81786666666667,-3.23305,205,264,185,84,12
"robust","16629","WR",4.55583333333333,1.601208,0.0337500000000013,2.24075,6.3855,-3.94216666666667,-4.94345,-3.6815,206,275,198,85,12
"robust","17512","WR",4.52208333333333,0.9278605,0.0470833333333323,3.48483333333333,5.60775,-3.97591666666667,-3.69936666666667,-4.45925,207,199,218,86,12
"robust","16628","WR",4.475,2.016336,0.0275000000000007,2.735,6.124,-4.023,-4.4492,-3.943,209,238,206,87,12
"robust","17503","WR",4.4475,1.349166,0.00350000000000072,1.6865,5.9475,-4.0505,-5.4977,-4.1195,210,322,210,88,12
"robust","16207","WR",4.444,0,0.0724999999999989,4.444,4.444,-4.054,-2.7402,-5.623,211,164,252,89,12
"robust","15755","WR",4.3715,0.148259999999999,0.00399999999999956,3.91,5.4274,-4.1265,-3.2742,-4.6396,213,185,221,90,12
"robust","17157","WR",4.3675,1.719816,0.097500000000001,3.045,5.6095,-4.1305,-4.1392,-4.4575,214,221,217,91,12
"robust","12645","WR",4.27,0.459605999999999,0.121999999999999,3.831,4.965,-4.228,-3.3532,-5.102,217,190,234,92,12
"robust","14974","WR",4.148,1.564143,0.0595000000000008,2.41,5.6158,-4.35,-4.7742,-4.4512,221,261,216,93,12
"robust","17073","WR",4.0885,0.9132816,0.0907499999999999,2.8456,6.433,-4.4095,-4.3386,-3.634,225,229,197,94,13
"robust","16621","WR",3.99775,0.600453,0.19925,1.86133333333333,4.64315,-4.50025,-5.32286666666667,-5.42385,228,310,243,95,13
"robust","17520","WR",3.7985,1.022994,0.2235,2.6779,4.917,-4.6995,-4.5063,-5.15,236,246,237,96,13
"robust","16639","WR",3.575,0.59304,0.1005,2.905,4.6421,-4.923,-4.2792,-5.4249,240,226,244,97,13
"robust","16630","WR",3.4745,0.7413,0.0554999999999994,1.3982,4.55,-5.0235,-5.786,-5.517,243,347,246,98,13
"robust","17232","WR",3.419,NA,0.0407500000000005,3.419,3.419,-5.079,-3.7652,-6.648,244,202,279,99,13
"robust","17078","WR",3.37825,0.128986200000001,0.0282499999999999,3.1217,3.92,-5.11975,-4.0625,-6.147,245,218,262,100,13
"robust","15319","WR",3.35,1.33434,0.119,1.88,5.642,-5.148,-5.3042,-4.425,246,309,214,101,13
"robust","15292","WR",3.231,0.8435994,0.228499999999999,2.7189,3.7431,-5.267,-4.4653,-6.3239,249,239,267,102,14
"robust","17134","WR",3.0025,0.8858535,0.0205000000000002,2.46475,3.54025,-5.4955,-4.71945,-6.52675,260,257,275,103,14
"robust","17528","WR",2.982,0.3232068,0.227,2.7858,3.1782,-5.516,-4.3984,-6.8888,261,233,297,104,14
"robust","14592","WR",2.755,0.474432000000001,0.0720000000000001,2.35,3.088,-5.743,-4.8342,-6.979,272,269,307,105,14
"robust","16760","WR",2.683,NA,0.11275,2.683,2.683,-5.815,-4.5012,-7.384,275,244,325,106,14
"robust","17507","WR",2.57025,0.926625,0.110249999999999,1.312,3.56465,-5.92775,-5.8722,-6.50235,284,349,273,107,14
"robust","17333","WR",2.46,3.647196,0.0135000000000001,0.246,4.674,-6.038,-6.9382,-5.393,294,397,241,108,14
"robust","14315","WR",2.4465,1.5241128,0.0620610021786492,1.5028,3.4198,-6.0515,-5.6814,-6.6472,295,338,278,109,14
"robust","17097","WR",2.38443899782135,1.35453598366013,0.108438997821351,1.55713779956427,3.20863779956427,-6.11356100217865,-5.62706220043573,-6.85836220043573,297,333,295,110,14
"robust","17098","WR",2.276,2.0341272,0.0414999999999996,0.6572,4.5092,-6.222,-6.527,-5.5578,305,382,251,111,14
"robust","16640","WR",2.2345,0.1994097,0.0345,2.11345,2.35555,-6.2635,-5.07075,-7.71145,309,291,343,112,14
"robust","17508","WR",2.2,0,0.0500000000000003,2.2,2.2,-6.298,-4.9842,-7.867,313,280,352,113,14
"robust","17205","WR",2.15,0,0.0499999999999998,2.15,2.15,-6.348,-5.0342,-7.917,315,288,353,114,14
"robust","17074","WR",2.1,NA,0.0394999999999999,2.1,2.1,-6.398,-5.0842,-7.967,317,293,354,115,14
"robust","17752","WR",2.1,NA,0,2.1,2.1,-6.398,-5.0842,-7.967,317,293,354,115,14
"robust","17254","WR",2.0605,0.6241746,0.0252500000000002,1.2421,3.5821,-6.4375,-5.9421,-6.4849,319,355,272,116,14
"robust","16619","WR",2.03525,0.44478,0.13525,1.73,2.3969,-6.46275,-5.4542,-7.6701,321,318,340,117,15
"robust","15785","WR",1.9,NA,0.01,1.9,1.9,-6.598,-5.2842,-8.167,333,307,363,118,15
"robust","17542","WR",1.89,2.201661,0.0315000000000003,0.2025,3.3615,-6.608,-6.9817,-6.7055,335,399,281,119,15
"robust","15941","WR",1.8585,2.3150799,0.00699999999999967,0.45315,3.26385,-6.6395,-6.73105,-6.80315,337,387,292,120,15
"robust","17171","WR",1.8515,1.6056558,0.0415000000000001,0.00830000000000011,5.0843,-6.6465,-7.1759,-4.9827,339,401,226,121,15
"robust","16633","WR",1.81,0.311346,0.0130000000000001,1.621,1.999,-6.688,-5.5632,-8.068,343,329,360,122,15
"robust","17521","WR",1.797,0,0.000999999999999668,1.797,1.797,-6.701,-5.3872,-8.27,345,314,369,123,15
"robust","14118","WR",1.796,NA,0.11625,1.796,1.796,-6.702,-5.3882,-8.271,346,315,370,124,15
"robust","17076","WR",1.67975,0.6701352,0.00675000000000003,0.3402,4.5117,-6.81825,-6.844,-5.5553,353,394,250,125,15
"robust","17079","WR",1.673,0.2564898,0.00800000000000001,1.5173,1.8287,-6.825,-5.6669,-8.2383,354,336,367,126,15
"robust","17529","WR",1.665,2.275791,0.034,-0.0464999999999999,3.9045,-6.833,-7.2307,-6.1625,355,403,263,127,15
"robust","15759","WR",1.631,NA,0.0354999999999999,1.631,1.631,-6.867,-5.5532,-8.436,357,328,376,128,15
"robust","15981","WR",1.5955,0.7346283,0.0555000000000001,1.14955,2.04145,-6.9025,-6.03465,-8.02555,358,365,357,129,15
"robust","17505","WR",1.54,2.579724,0.00499999999999989,-0.0259999999999998,3.106,-6.958,-7.2102,-6.961,359,402,306,130,15
"robust","15766","WR",1.535,NA,0.054,1.535,1.535,-6.963,-5.6492,-8.532,360,335,377,131,15
"robust","17353","WR",1.481,NA,0.00800000000000001,1.481,1.481,-7.017,-5.7032,-8.586,361,339,381,132,15
"robust","13377","WR",1.473,NA,0.099,1.473,1.473,-7.025,-5.7112,-8.594,362,340,382,133,15
"robust","14105","WR",1.374,1.4440524,0.0545,0.4974,2.2506,-7.124,-6.6868,-7.8164,368,384,348,134,15
"robust","17086","WR",1.3195,0.1771707,0.0129999999999999,1.21195,1.42705,-7.1785,-5.97225,-8.63995,369,360,383,135,15
"robust","17706","WR",1.3065,0.14826,0.0495000000000001,0.9734,1.49,-7.1915,-6.2108,-8.577,370,371,380,136,15
"robust","13669","WR",1.257,NA,0.00900000000000012,1.257,1.257,-7.241,-5.9272,-8.81,373,352,386,137,15
"robust","17620","WR",1.248,NA,0.0109999999999999,1.248,1.248,-7.25,-5.9362,-8.819,374,354,388,138,15
"robust","17518","WR",1.237,1.0926762,0.0130000000000001,0.5737,1.9003,-7.261,-6.6105,-8.1667,375,383,362,139,15
"robust","16883","WR",1.224,NA,0.0229999999999999,1.224,1.224,-7.274,-5.9602,-8.843,376,356,389,140,15
"robust","16413","WR",1.201,NA,0.109,1.201,1.201,-7.297,-5.9832,-8.866,378,361,391,141,15
"robust","17269","WR",1.092,1.1742192,0.192,0.3792,1.8048,-7.406,-6.805,-8.2622,381,393,368,142,16
"robust","16189","WR",0.9,1.33434,0.00399999999999989,0.0900000000000001,1.71,-7.598,-7.0942,-8.357,386,400,374,143,16
"robust","16636","WR",0.896,0,0.0509999999999999,0.896,0.896,-7.602,-6.2882,-9.171,387,372,395,144,16
"robust","16299","WR",0.845,0.674583,0.0360000000000001,0.4355,1.2545,-7.653,-6.7487,-8.8125,388,389,387,145,16
"robust","16958","WR",0.809,NA,0.046,0.809,0.809,-7.689,-6.3752,-9.258,389,376,396,146,16
"robust","15491","WR",0.763,NA,0.014,0.763,0.763,-7.735,-6.4212,-9.304,392,377,397,147,16
"robust","15285","WR",0.749,NA,0.0139999999999999,0.749,0.749,-7.749,-6.4352,-9.318,393,378,398,148,16
"robust","16428","WR",0.735,0.793191,0.027,0.2535,1.2165,-7.763,-6.9307,-8.8505,394,396,390,149,16
"robust","16635","WR",0.708,0,0.027,0.708,0.708,-7.79,-6.4762,-9.359,395,379,399,150,16
"robust","17184","WR",0.681,0,0.00300000000000011,0.681,0.681,-7.817,-6.5032,-9.386,397,380,400,151,16
"robust","17396","WR",0.678,NA,0.189,0.678,0.678,-7.82,-6.5062,-9.389,398,381,401,152,16
"robust","16422","WR",0.489,NA,0.025,0.489,0.489,-8.009,-6.6952,-9.578,400,385,402,153,16
"robust","15765","WR",0.464,NA,0.013,0.464,0.464,-8.034,-6.7202,-9.603,401,386,403,154,16
"robust","16197","WR",0.451,NA,0.051,0.451,0.451,-8.047,-6.7332,-9.616,402,388,404,155,16
"robust","16364","WR",0.4,NA,0.00800000000000001,0.4,0.4,-8.098,-6.7842,-9.667,404,390,405,156,16
"robust","15788","WR",0.392,0,0.00699999999999995,0.392,0.392,-8.106,-6.7922,-9.675,405,391,406,157,16
"robust","14847","WR",0.385,NA,0.085,0.385,0.385,-8.113,-6.7992,-9.682,406,392,407,158,16
"robust","11679","WR",0.3,NA,0.0305,0.3,0.3,-8.198,-6.8842,-9.767,407,395,409,159,16
"robust","17541","WR",0.3,NA,0,0.3,0.3,-8.198,-6.8842,-9.767,407,395,409,159,16
"robust","15752","WR",0.2695,0.1030407,0,0.20695,0.33205,-8.2285,-6.97725,-9.73495,408,398,408,160,16
"robust","15794","TE",13.2,0.163086000000002,1.874,10.7808,13.782,5.0205,4.3503,4.519,23,22,36,1,1
"robust","16213","TE",11.326,0.637517999999997,0.875,8.082,11.9124,3.1465,1.6515,2.6494,47,56,51,2,2
"robust","11244","TE",10.451,0.530770800000001,0.231,8.4204,12.256,2.2715,1.9899,2.993,51,48,48,3,2
"robust","13299","TE",10.22,3.217242,0.297500000000001,7.7656,12.472,2.0405,1.3351,3.209,58,62,47,4,3
"robust","16641","TE",9.9225,2.07564,0.450166666666666,8.1696,11.6464,1.743,1.7391,2.3834,61,55,54,5,3
"robust","17102","TE",9.47233333333333,1.0788386,0.0723333333333311,7.97046666666667,10.3576,1.29283333333333,1.53996666666667,1.0946,65,59,75,6,4
"robust","15798","TE",9.4,1.126776,0.134,7.9534,10.272,1.2205,1.5229,1.009,68,61,80,7,4
"robust","16214","TE",9.266,0.723508799999999,0.153333333333334,6.9224,10.432,1.0865,0.491900000000001,1.169,70,76,73,8,4
"robust","13671","TE",9.11266666666667,1.4638204,0.490166666666667,6.57653333333333,11.052,0.933166666666667,0.146033333333334,1.789,76,89,63,9,5
"robust","16222","TE",8.6225,1.008168,0.0419999999999998,6.789,9.708,0.443,0.358500000000001,0.445000000000002,82,82,88,10,5
"robust","14861","TE",8.5805,0.597487799999998,0.366916666666668,6.2161,9.263,0.401,-0.214399999999999,0,84,104,94,11,5
"robust","17103","TE",8.21358333333333,0.7576086,0.0340833333333315,6.2967,8.98805,0.0340833333333315,-0.1338,-0.274949999999999,91,103,101,12,5
"robust","13772","TE",8.1795,3.283959,0.0145,5.4248,10.6255,0,-1.0057,1.3625,94,120,67,13,5
"robust","12676","TE",8.165,1.645686,0.644000000000001,6.38,10.30955,-0.0145,-0.0504999999999995,1.04655,95,96,79,14,6
"robust","17104","TE",7.521,1.3017228,0.37175,6.4305,8.6983,-0.658500000000001,0,-0.564699999999998,112,94,107,15,7
"robust","15329","TE",7.14925,0.81543,0.21675,6.49345,7.776,-1.03025,0.0629500000000016,-1.487,120,92,132,16,7
"robust","17099","TE",6.9325,0.355824,0.0662500000000001,5.115,7.3275,-1.247,-1.3155,-1.9355,125,128,144,17,7
"robust","16269","TE",6.86625,1.512252,0.0282500000000008,4.94,8.30775,-1.31325,-1.4905,-0.955249999999998,126,133,118,18,8
"robust","13674","TE",6.838,0,0.410999999999999,6.838,6.838,-1.3415,0.4075,-2.425,127,78,154,19,8
"robust","15331","TE",6.427,1.2987576,0.139250000000001,5.3522,7.394,-1.7525,-1.0783,-1.869,142,123,141,20,8
"robust","15799","TE",6.28775,0.9762921,0.110249999999999,5.18,7.68805,-1.89175,-1.2505,-1.57495,146,126,135,21,9
"robust","14138","TE",6.1775,0.3914064,0.0132500000000002,5.7377,7.05,-2.002,-0.6928,-2.213,148,116,149,22,9
"robust","17543","TE",6.16425,0.541149,0.32225,5.32,6.71905,-2.01525,-1.1105,-2.54395,149,124,159,23,9
"robust","17106","TE",5.842,0,0.0165000000000006,5.842,5.842,-2.3375,-0.588499999999999,-3.421,159,113,192,24,9
"robust","16723","TE",5.8255,2.8028553,0.693,3.53,8.59,-2.354,-2.9005,-0.673,160,172,109,25,10
"robust","17105","TE",5.1325,0.214977,0.0324999999999998,3.83075,5.37,-3.047,-2.59975,-3.893,174,160,205,26,10
"robust","12263","TE",5.1,0.88956,0.0275000000000007,3.52,6.04,-3.0795,-2.9105,-3.223,175,173,183,27,10
"robust","17107","TE",5.0725,1.1015718,0.0214999999999996,3.83,8.0786,-3.107,-2.6005,-1.1844,178,161,124,28,10
"robust","13189","TE",5.051,1.082298,0.191000000000001,4.0816,6.089,-3.1285,-2.3489,-3.174,179,149,180,29,11
"robust","15797","TE",4.86,0.578214,0.0262499999999992,4.245,5.76795,-3.3195,-2.1855,-3.49505,189,145,195,30,11
"robust","15802","TE",4.83375,0.1074885,0.199999999999999,4.715,6.27725,-3.34575,-1.7155,-2.98575,190,139,176,31,11
"robust","13672","TE",4.63375,0.7005285,0.0815000000000001,3.915,6.38775,-3.54575,-2.5155,-2.87525,194,152,168,32,11
"robust","15889","TE",4.55225,0.2238726,0.26625,4.3641,4.824,-3.62725,-2.0664,-4.439,197,143,215,33,12
"robust","14871","TE",4.286,0.364719599999999,0.4785,2.8412,4.673,-3.8935,-3.5893,-4.59,204,198,219,34,12
"robust","16212","TE",3.8075,0.474432,0.2515,3.2515,4.234,-4.372,-3.179,-5.029,224,181,229,35,13
"robust","13192","TE",3.556,0,0.0424999999999995,3.556,3.556,-4.6235,-2.8745,-5.707,233,170,254,36,13
"robust","13193","TE",3.5135,0.3232068,0.0830000000000002,2.0212,4.2082,-4.666,-4.4093,-5.0548,234,235,231,37,13
"robust","15332","TE",3.4305,1.067472,0.167000000000001,2.441,4.5327,-4.749,-3.9895,-4.7303,237,214,222,38,13
"robust","11247","TE",3.2635,2.0852769,0.4025,1.99765,4.52935,-4.916,-4.43285,-4.73365,239,237,223,39,14
"robust","15925","TE",2.861,NA,0.0397499999999997,2.861,2.861,-5.3185,-3.5695,-6.402,250,197,269,40,14
"robust","14143","TE",2.82125,0.6634635,0.00174999999999992,2.13,4.86075,-5.35825,-4.3005,-4.40225,251,228,213,41,14
"robust","16216","TE",2.8195,0.978516,0.0190000000000001,1.24435,3.8653,-5.36,-5.18615,-5.3977,252,301,242,42,14
"robust","15873","TE",2.8005,1.2891207,0.0665,2.01795,3.58305,-5.379,-4.41255,-5.67995,253,236,253,43,14
"robust","17607","TE",2.734,1.1238108,0.172,1.7758,4.1338,-5.4455,-4.6547,-5.1292,257,254,236,44,14
"robust","14209","TE",2.562,0.8806644,0.0052500000000002,1.8594,3.5334,-5.6175,-4.5711,-5.7296,263,250,255,45,14
"robust","16649","TE",2.55675,1.1986821,0.00674999999999981,1.63,3.41595,-5.62275,-4.8005,-5.84705,264,262,257,46,14
"robust","16919","TE",2.55,NA,0.081,2.55,2.55,-5.6295,-3.8805,-6.713,265,208,282,47,14
"robust","17109","TE",2.469,0.0266867999999997,0.0110000000000001,2.4528,2.4852,-5.7105,-3.9777,-6.7778,269,212,289,48,14
"robust","15335","TE",2.458,NA,0.00800000000000001,2.458,2.458,-5.7215,-3.9725,-6.805,270,210,293,49,14
"robust","17591","TE",2.45,NA,0.0470000000000002,2.45,2.45,-5.7295,-3.9805,-6.813,271,213,294,50,14
"robust","15626","TE",2.403,1.5522822,0.0669999999999997,1.4607,3.3453,-5.7765,-4.9698,-5.9177,274,278,260,51,15
"robust","15341","TE",2.336,NA,0.0250000000000004,2.336,2.336,-5.8435,-4.0945,-6.927,277,219,303,52,15
"robust","13246","TE",2.311,NA,0.00899999999999945,2.311,2.311,-5.8685,-4.1195,-6.952,280,220,305,53,15
"robust","17593","TE",2.302,2.7991488,0.0435000000000003,0.6028,4.0012,-5.8775,-5.8277,-5.2618,281,348,239,54,15
"robust","17627","TE",2.2585,0.5359599,0.0132500000000002,1.93315,2.58385,-5.921,-4.49735,-6.67915,283,243,280,55,15
"robust","14867","TE",2.24525,0.133434,0.0347499999999998,1.863,2.38815,-5.93425,-4.5675,-6.87485,285,249,296,56,15
"robust","13676","TE",2.2105,0.5329947,0.0145,1.88695,2.53405,-5.969,-4.54355,-6.72895,286,247,284,57,15
"robust","15796","TE",2.196,0.7620564,0.036,1.7334,2.6586,-5.9835,-4.6971,-6.6044,288,255,277,58,15
"robust","17407","TE",2.16,NA,0.1465,2.16,2.16,-6.0195,-4.2705,-7.103,292,225,314,59,15
"robust","17567","TE",2.0135,0.3313611,0.00849999999999973,1.81235,2.21465,-6.166,-4.61815,-7.04835,300,252,311,60,15
"robust","13940","TE",2.005,1.838424,0.00200000000000022,0.226,3.376,-6.1745,-6.2045,-5.887,301,370,259,61,15
"robust","12678","TE",2.003,2.1660786,0.0165000000000002,0.3461,4.2071,-6.1765,-6.0844,-5.0559,302,368,232,62,15
"robust","14239","TE",1.9865,0.2468529,0.0270000000000001,1.83665,2.13635,-6.193,-4.59385,-7.12665,303,251,316,63,15
"robust","14137","TE",1.9595,0.3306198,0.00599999999999978,1.615,4.6334,-6.22,-4.8155,-4.6296,304,263,220,64,15
"robust","16940","TE",1.9535,0.5982291,0.00599999999999978,1.59035,2.31665,-6.226,-4.84015,-6.94635,306,270,304,65,15
"robust","14984","TE",1.9475,0.5522685,0.0560000000000003,1.61225,2.28275,-6.232,-4.81825,-6.98025,308,265,308,66,15
"robust","17605","TE",1.8915,0.1808772,0.00849999999999995,1.3748,2.1578,-6.288,-5.0557,-7.1052,311,289,315,67,15
"robust","14370","TE",1.883,NA,0.0177499999999999,1.883,1.883,-6.2965,-4.5475,-7.38,312,248,323,68,15
"robust","15344","TE",1.86525,0.548561999999999,0.0735000000000001,0.8439,2.463,-6.31425,-5.5866,-6.8,314,330,291,69,15
"robust","15337","TE",1.79175,0.229803,0.04575,1.6,2.03495,-6.38775,-4.8305,-7.22805,316,267,318,70,16
"robust","14870","TE",1.746,0.1126776,0.0469999999999999,1.3316,2.714,-6.4335,-5.0989,-6.549,318,295,276,71,16
"robust","16474","TE",1.699,1.3061706,0.0189999999999999,0.9061,2.4919,-6.4805,-5.5244,-6.7711,322,325,288,72,16
"robust","16645","TE",1.68,0.489258,0.00499999999999989,1.003,2.965,-6.4995,-5.4275,-6.298,324,317,266,73,16
"robust","17108","TE",1.675,0.37065,0.00500000000000012,1.26,2.20405,-6.5045,-5.1705,-7.05895,325,299,312,74,16
"robust","17545","TE",1.67,NA,0.00800000000000023,1.67,1.67,-6.5095,-4.7605,-7.593,328,260,333,75,16
"robust","15916","TE",1.662,0.8480472,0.0456628823645664,1.1472,2.1768,-6.5175,-5.2833,-7.0862,329,306,313,76,16
"robust","16643","TE",1.61633711763543,1.17225362121259,0.0338371176354335,0.897067423527087,2.34786742352709,-6.56316288236457,-5.53343257647291,-6.91513257647291,331,326,300,77,16
"robust","12677","TE",1.5825,0.0667169999999999,0.00449999999999973,1.2045,2.5005,-6.597,-5.226,-6.7625,332,304,287,78,16
"robust","16219","TE",1.578,1.2780012,0.0180000000000002,0.8022,2.3538,-6.6015,-5.6283,-6.9092,334,334,299,79,16
"robust","16647","TE",1.56,0.0741299999999999,0.0285,1.515,1.605,-6.6195,-4.9155,-7.658,336,273,339,80,16
"robust","17213","TE",1.5315,0.1608621,0.0215000000000001,1.43385,1.62915,-6.648,-4.99665,-7.63385,340,284,337,81,16
"robust","17644","TE",1.51,NA,0.01,1.51,1.51,-6.6695,-4.9205,-7.753,341,274,345,82,16
"robust","16218","TE",1.5,0.22239,0.0295000000000001,1.365,1.635,-6.6795,-5.0655,-7.628,342,290,336,83,16
"robust","14146","TE",1.4705,0.1919967,0.0154999999999998,1.35395,1.58705,-6.709,-5.07655,-7.67595,347,292,341,84,16
"robust","16644","TE",1.455,0.0370649999999999,0.02,1.4325,1.4775,-6.7245,-4.998,-7.7855,348,285,346,85,16
"robust","15795","TE",1.435,0,0.1075,1.435,1.435,-6.7445,-4.9955,-7.828,349,283,349,86,16
"robust","16333","TE",1.3275,0.14826,0.2095,0.91,2.269,-6.852,-5.5205,-6.994,356,324,309,87,17
"robust","16312","TE",1.118,0.4773972,0.0205000000000002,0.8282,1.4078,-7.0615,-5.6023,-7.8552,363,331,350,88,17
"robust","16648","TE",1.0975,0.9080925,0.0114999999999998,0.54625,1.64875,-7.082,-5.88425,-7.61425,364,350,334,89,17
"robust","16221","TE",1.086,1.1327064,0.0250000000000001,0.3984,1.7736,-7.0935,-6.0321,-7.4894,365,364,328,90,17
"robust","17549","TE",1.061,NA,0.00099999999999989,1.061,1.061,-7.1185,-5.3695,-8.202,366,312,364,91,17
"robust","15840","TE",1.06,NA,0.0784999999999998,1.06,1.06,-7.1195,-5.3705,-8.203,367,313,365,92,17
"robust","15800","TE",0.9815,1.0296657,0.0155000000000002,0.35645,1.60655,-7.198,-6.07405,-7.65645,371,367,338,93,17
"robust","16642","TE",0.966,0.5381838,0.0760000000000001,0.4083,1.8933,-7.2135,-6.0222,-7.3697,372,363,321,94,17
"robust","13315","TE",0.89,NA,0.0874999999999999,0.89,0.89,-7.2895,-5.5405,-8.373,377,327,375,95,17
"robust","12955","TE",0.8025,0.6189855,0.00750000000000006,0.42675,1.17825,-7.377,-6.00375,-8.08475,379,362,361,96,17
"robust","17651","TE",0.795,1.178667,0.0599999999999999,0.0795000000000001,1.5105,-7.3845,-6.351,-7.7525,380,374,344,97,17
"robust","15334","TE",0.735,1.089711,0.025,0.0735000000000001,1.3965,-7.4445,-6.357,-7.8665,382,375,351,98,17
"robust","15419","TE",0.71,NA,0.01,0.71,0.71,-7.4695,-5.7205,-8.553,383,342,378,99,17
"robust","16831","TE",0.7,NA,0.232,0.7,0.7,-7.4795,-5.7305,-8.563,384,343,379,100,18
"robust","17419","TE",0.468,NA,0.000999999999999945,0.468,0.468,-7.7115,-5.9625,-8.795,390,358,384,101,18
"robust","17414","TE",0.467,NA,0.078,0.467,0.467,-7.7125,-5.9635,-8.796,391,359,385,102,18
"robust","17243","TE",0.389,NA,0.119,0.389,0.389,-7.7905,-6.0415,-8.874,396,366,392,103,18
"robust","13678","TE",0.27,NA,0.168,0.27,0.27,-7.9095,-6.1605,-8.993,399,369,393,104,18
"robust","17648","TE",0.102,NA,0,0.102,0.102,-8.0775,-6.3285,-9.161,403,373,394,105,18
