gsis_id,player,team,pos,vegas,vegas_parts,vegas_filled,vegas_complete
00-0023459,Aaron Rodgers,PIT,QB,13.37,4,1,False
00-0026498,Matthew Stafford,LA,QB,16.0,5,0,True
00-0029604,Kirk Cousins,LV,QB,13.93,4,1,False
00-0029892,Kyle Juszczyk,SF,RB,2.75,1,3,False
00-0030279,Keenan Allen,IND,WR,7.38,3,0,True
00-0030506,Travis Kelce,KC,TE,11.27,3,0,True
00-0030565,Geno Smith,NYJ,QB,15.77,4,1,False
00-0031235,Odell Beckham Jr.,NYG,WR,0.15,1,0,False
00-0031381,Davante Adams,LA,WR,13.62,1,2,False
00-0031408,Mike Evans,SF,WR,8.57,1,2,False
00-0031484,Chris Manhertz,NYG,TE,0.03,1,0,False
00-0031503,Jameis Winston,NYG,QB,13.79,5,0,True
00-0031588,Stefon Diggs,WAS,WR,8.02,3,0,True
00-0031595,Michael Burton,CLE,RB,0.0,1,0,False
00-0031610,Darren Waller,CAR,TE,5.24,3,0,True
00-0032104,Ameer Abdullah,JAX,RB,3.24,1,3,False
00-0032268,Marcus Mariota,WAS,QB,12.33,3,1,False
00-0032385,Sterling Shepard,NYJ,WR,0.18,1,0,False
00-0032392,Austin Hooper,ATL,TE,1.64,3,0,True
00-0032398,Chris Moore,BAL,WR,4.88,1,2,False
00-0032464,Kalif Raymond,CHI,WR,8.17,1,2,False
00-0032764,Derrick Henry,BAL,RB,16.52,2,2,False
00-0032951,Laquon Treadwell,IND,WR,3.14,1,2,False
00-0033077,Dak Prescott,DAL,QB,19.96,5,0,True
00-0033090,Hunter Henry,NE,TE,8.78,3,0,True
00-0033106,Jared Goff,DET,QB,19.48,4,1,False
00-0033110,Tyler Higbee,LA,TE,2.64,1,2,False
00-0033119,Jacoby Brissett,ARI,QB,14.58,4,1,False
00-0033217,Mo Alie-Cox,IND,TE,0.23,1,0,False
00-0033246,Johnny Mundt,PHI,TE,3.75,1,2,False
00-0033280,Christian McCaffrey,SF,RB,18.06,2,2,False
00-0033288,George Kittle,SF,TE,7.69,1,2,False
00-0033293,Aaron Jones,MIN,RB,11.8,1,3,False
00-0033307,Kendrick Bourne,ARI,WR,6.21,1,2,False
00-0033376,Patrick Ricard,NYG,RB,1.24,1,3,False
00-0033526,Samaje Perine,CIN,RB,4.77,1,3,False
00-0033537,Deshaun Watson,CLE,QB,16.08,5,0,True
00-0033555,Mack Hollins,NE,WR,7.14,3,0,True
00-0033576,Eric Saubert,SEA,TE,0.79,1,2,False
00-0033757,Robert Tonyan,PIT,TE,0.01,1,0,False
00-0033858,Jonnu Smith,GB,TE,2.6,3,0,True
00-0033873,Patrick Mahomes,KC,QB,21.17,5,0,True
00-0033881,Evan Engram,DEN,TE,5.36,3,0,True
00-0033906,Alvin Kamara,NO,RB,12.07,1,3,False
00-0033908,Cooper Kupp,SEA,WR,5.23,3,0,True
00-0033921,Chris Godwin,TB,WR,7.56,3,0,True
00-0034270,Tyler Conklin,DET,TE,0.16,1,0,False
00-0034348,Courtland Sutton,DEN,WR,8.37,3,0,True
00-0034351,Dallas Goedert,PHI,TE,5.93,1,2,False
00-0034365,Ian Thomas,LV,TE,1.18,1,2,False
00-0034383,Dalton Schultz,HOU,TE,10.48,3,0,True
00-0034419,Braxton Berrios,NYG,WR,0.08,1,0,False
00-0034753,Mark Andrews,BAL,TE,10.81,1,2,False
00-0034798,Durham Smythe,BAL,TE,1.3,1,2,False
00-0034827,DJ Moore,BUF,WR,10.26,3,0,True
00-0034829,Mike Gesicki,CIN,TE,5.51,3,0,True
00-0034837,Calvin Ridley,TEN,WR,3.08,3,0,True
00-0034844,Saquon Barkley,PHI,RB,14.72,4,0,True
00-0034854,KhaDarel Hodge,SF,WR,1.94,1,2,False
00-0034855,Baker Mayfield,TB,QB,16.53,5,0,True
00-0034857,Josh Allen,BUF,QB,24.74,5,0,True
00-0034959,Andrew Beck,NYJ,RB,0.08,1,0,False
00-0034960,Jakobi Meyers,JAX,WR,7.99,3,0,True
00-0034975,Justice Hill,BAL,RB,4.47,1,3,False
00-0034981,Foster Moreau,HOU,TE,2.89,1,2,False
00-0035125,Alec Ingold,LAC,RB,0.16,1,0,False
00-0035208,Olamide Zaccheaus,ATL,WR,2.44,3,0,True
00-0035228,Kyler Murray,MIN,QB,16.82,5,0,True
00-0035229,T.J. Hockenson,MIN,TE,7.23,3,0,True
00-0035249,Josh Oliver,MIN,TE,3.33,1,2,False
00-0035250,Devin Singletary,NYG,RB,5.29,1,3,False
00-0035261,Tony Pollard,TEN,RB,9.7,2,2,False
00-0035535,Darius Slayton,FA,WR,1.38,1,0,False
00-0035537,Ty Johnson,BUF,RB,0.6,1,0,False
00-0035544,Tom Kennedy,DET,WR,0.14,1,0,False
00-0035589,Gary Jennings,FA,WR,0.05,1,0,False
00-0035631,Drew Sample,CIN,TE,3.89,1,2,False
00-0035640,DK Metcalf,PIT,WR,10.18,3,0,True
00-0035644,Noah Fant,NO,TE,9.19,1,2,False
00-0035659,Terry McLaurin,WAS,WR,8.31,3,0,True
00-0035662,Hollywood Brown,PHI,WR,0.43,1,2,False
00-0035685,David Montgomery,HOU,RB,11.86,2,2,False
00-0035689,Dawson Knox,BUF,TE,2.24,1,2,False
00-0035710,Daniel Jones,IND,QB,15.18,5,0,True
00-0035719,Deebo Samuel,SF,WR,8.01,1,2,False
00-0035891,Cody White,LV,WR,1.83,1,2,False
00-0036040,Juwan Johnson,NO,TE,7.75,3,0,True
00-0036139,Rico Dowdle,PIT,RB,9.65,1,3,False
00-0036152,Lamar Jackson,CAR,CB,23.73,5,0,False
00-0036158,J.K. Dobbins,DEN,RB,6.73,1,3,False
00-0036187,Reggie Gilliam,NE,RB,2.05,1,3,False
00-0036223,Jonathan Taylor,IND,RB,17.39,4,0,True
00-0036244,Colby Parkinson,LA,TE,3.53,1,2,False
00-0036252,Michael Pittman Jr.,PIT,WR,4.99,1,2,False
00-0036259,Jauan Jennings,MIN,WR,1.92,1,2,False
00-0036264,Jordan Love,GB,QB,17.21,5,0,True
00-0036265,AJ Dillon,CAR,RB,2.61,1,3,False
00-0036275,D'Andre Swift,CHI,RB,13.08,1,3,False
00-0036290,Cole Kmet,CHI,TE,3.16,1,2,False
00-0036309,Darnell Mooney,NYG,WR,3.77,3,0,True
00-0036331,Devin Duvernay,ARI,WR,0.06,1,0,False
00-0036355,Justin Herbert,LAC,QB,17.14,5,0,True
00-0036358,CeeDee Lamb,DAL,WR,15.43,3,0,True
00-0036389,Jalen Hurts,PHI,QB,19.62,5,0,True
00-0036407,Jerry Jeudy,CLE,WR,4.39,3,0,True
00-0036410,Tee Higgins,CIN,WR,10.64,3,0,True
00-0036422,Adam Trautman,DEN,TE,3.19,1,2,False
00-0036425,DeeJay Dallas,MIN,RB,2.51,1,3,False
00-0036429,Charlie Woerner,ATL,TE,1.03,1,2,False
00-0036442,Joe Burrow,CIN,QB,17.4,4,1,False
00-0036463,Chris Blair,ATL,WR,3.59,1,2,False
00-0036550,Rashod Bateman,BAL,WR,8.44,1,2,False
00-0036555,Chuba Hubbard,CAR,RB,15.17,4,0,True
00-0036590,Quintin Morris,JAX,TE,1.1,1,2,False
00-0036613,Jaylen Waddle,DEN,WR,11.12,3,0,True
00-0036626,Dyami Brown,WAS,WR,4.22,1,2,False
00-0036628,John Bates,WAS,TE,3.12,1,2,False
00-0036630,Tylan Wallace,CLE,WR,0.18,1,0,False
00-0036637,Noah Gray,KC,TE,2.07,1,2,False
00-0036646,Simi Fehoko,ARI,WR,0.0,1,0,False
00-0036754,Brock Wright,DET,TE,1.57,1,2,False
00-0036825,Feleipe Franks,CAR,TE,0.01,1,0,False
00-0036849,Tutu Atwell,LA,WR,3.98,1,2,False
00-0036862,Ben Skowronek,PIT,WR,0.77,1,2,False
00-0036875,Rhamondre Stevenson,NE,RB,10.76,4,0,True
00-0036876,Kylen Granson,TEN,TE,0.1,1,0,False
00-0036887,Luke Farrell,SF,TE,2.66,1,2,False
00-0036893,Najee Harris,NYG,RB,2.1,1,3,False
00-0036894,Pat Freiermuth,PIT,TE,7.62,3,0,True
00-0036900,Ja'Marr Chase,CIN,WR,14.52,3,0,True
00-0036912,DeVonta Smith,PHI,WR,13.15,3,0,True
00-0036919,Kenny Gainwell,TB,RB,5.36,1,3,False
00-0036963,Amon-Ra St. Brown,DET,WR,16.16,3,0,True
00-0036970,Kyle Pitts,ATL,TE,7.53,3,0,True
00-0036971,Trevor Lawrence,JAX,QB,18.59,5,0,True
00-0036973,Travis Etienne Jr.,NO,RB,11.93,1,3,False
00-0036980,Elijah Moore,PHI,WR,0.16,1,0,False
00-0036988,Joshua Palmer,BUF,WR,3.95,1,2,False
00-0036997,Javonte Williams,DAL,RB,14.74,4,0,True
00-0037004,Hunter Long,ARI,TE,0.16,1,0,False
00-0037005,Tommy Tremble,CAR,TE,3.4,3,0,True
00-0037091,Bo Melton,GB,WR,1.48,1,2,False
00-0037093,Dareke Young,LV,WR,1.23,1,2,False
00-0037120,Tyler Goodson,DAL,RB,0.18,1,0,False
00-0037132,Britain Covey,PHI,WR,0.23,1,0,False
00-0037157,Zonovan Knight,ARI,RB,1.03,1,3,False
00-0037228,Jaylen Warren,PIT,RB,13.09,1,3,False
00-0037231,Kevin Austin,NO,WR,1.28,1,2,False
00-0037238,Drake London,ATL,WR,12.16,3,0,True
00-0037239,Chris Olave,NO,WR,14.42,3,0,True
00-0037240,Jameson Williams,DET,WR,10.31,3,0,True
00-0037247,George Pickens,DAL,WR,11.62,3,0,True
00-0037248,James Cook,BUF,RB,15.81,4,0,True
00-0037252,Greg Dulcich,MIA,TE,3.69,1,2,False
00-0037256,Rachaad White,WAS,RB,8.3,1,3,False
00-0037261,Khalil Shakir,BUF,WR,9.24,3,0,True
00-0037263,Tyler Allgeier,ARI,RB,8.53,2,2,False
00-0037291,Jalen Nailor,LV,WR,5.63,1,2,False
00-0037292,Drew Ogletree,IND,TE,1.17,1,2,False
00-0037304,Connor Heyward,LV,TE,0.13,1,2,False
00-0037311,Ko Kieft,TB,TE,0.09,1,0,False
00-0037317,Nick Muse,ATL,TE,0.0,1,0,False
00-0037524,Tay Martin,DET,WR,0.1,1,0,False
00-0037545,Rashid Shaheed,SEA,WR,6.24,3,0,True
00-0037557,Ronnie Rivers,LA,RB,3.74,1,3,False
00-0037594,Julius Chestnut,TEN,RB,0.3,1,0,False
00-0037614,John Metchie III,CAR,WR,0.44,1,0,False
00-0037666,Jalen Tolbert,MIA,WR,0.38,1,0,False
00-0037740,Garrett Wilson,NYJ,WR,11.82,3,0,True
00-0037741,Jahan Dotson,ATL,WR,4.15,3,0,True
00-0037742,Treylon Burks,WAS,WR,1.91,1,2,False
00-0037744,Trey McBride,ARI,TE,13.13,3,0,True
00-0037746,Brian Robinson Jr.,ATL,RB,5.26,2,2,False
00-0037755,Jelani Woods,NYJ,TE,0.17,1,0,False
00-0037801,KaVontae Turpin,DAL,WR,0.8,1,2,False
00-0037805,Jeremy Ruckert,NYJ,TE,1.92,1,2,False
00-0037809,Chig Okonkwo,WAS,TE,4.73,1,2,False
00-0037816,Romeo Doubs,NE,WR,8.35,3,0,True
00-0037834,Brock Purdy,SF,QB,20.51,4,1,False
00-0037838,Isaiah Likely,NYG,TE,8.45,3,0,True
00-0037840,Kyren Williams,LA,RB,12.19,2,2,False
00-0038041,Jake Ferguson,DAL,TE,7.25,3,0,True
00-0038090,Skyy Moore,GB,WR,2.87,3,0,True
00-0038104,Tyquan Thornton,KC,WR,4.08,3,0,True
00-0038115,Daniel Bellinger,TEN,TE,1.19,1,2,False
00-0038117,Wan'Dale Robinson,TEN,WR,6.88,3,0,True
00-0038120,Breece Hall,NYJ,RB,14.63,4,0,True
00-0038124,Christian Watson,GB,WR,12.7,3,0,True
00-0038128,Malik Willis,MIA,QB,15.59,5,0,True
00-0038129,Cade Otton,TB,TE,6.41,3,0,True
00-0038134,Kenneth Walker III,KC,RB,18.63,4,0,True
00-0038359,Xavier Smith,LA,WR,1.07,1,2,False
00-0038393,Dontayvion Wicks,PHI,WR,7.94,3,0,True
00-0038416,Tyson Bagent,CHI,QB,8.58,1,3,False
00-0038454,Keaton Mitchell,LAC,RB,3.55,1,3,False
00-0038488,Brady Russell,SEA,RB,2.44,1,3,False
00-0038489,Ben VanSumeren,KC,LB,0.05,1,0,False
00-0038498,E.J. Jenkins,PHI,TE,0.11,1,0,False
00-0038519,Nikko Remigio,KC,WR,0.01,1,0,False
00-0038542,Bijan Robinson,ATL,RB,19.98,4,0,True
00-0038543,Jaxon Smith-Njigba,SEA,WR,16.43,3,0,True
00-0038544,Quentin Johnston,LAC,WR,7.83,3,0,True
00-0038547,Luke Schoonmaker,DAL,TE,1.57,1,2,False
00-0038551,Kendre Miller,NO,RB,4.61,1,3,False
00-0038555,Tank Bigsby,PHI,RB,5.31,1,3,False
00-0038558,Darnell Washington,PIT,TE,2.69,1,2,False
00-0038559,Michael Wilson,ARI,WR,8.75,3,0,True
00-0038563,Tre Tucker,LV,WR,8.16,3,0,True
00-0038564,Cameron Latu,NE,TE,0.29,1,0,False
00-0038573,Derius Davis,LAC,WR,1.88,1,2,False
00-0038589,Josh Whyle,GB,TE,0.2,1,0,False
00-0038597,Chase Brown,CIN,RB,15.35,4,0,True
00-0038606,Parker Washington,JAX,WR,11.76,3,0,True
00-0038608,Kayshon Boutte,HOU,WR,7.41,3,0,True
00-0038611,Chris Rodriguez Jr.,JAX,RB,4.72,2,2,False
00-0038618,Xavier Hutchinson,HOU,WR,8.05,3,0,True
00-0038621,DeMario Douglas,NE,WR,6.49,3,0,True
00-0038640,Jalen Brooks,ARI,WR,0.07,1,0,False
00-0038643,Brayden Willis,SF,TE,0.11,1,0,False
00-0038685,Chris Brooks,GB,RB,5.37,4,0,True
00-0038705,Emari Demercado,DAL,RB,1.9,1,3,False
00-0038710,Blake Whiteheart,CLE,TE,1.8,1,2,False
00-0038728,Jared Wayne,HOU,WR,5.51,1,2,False
00-0038738,Hunter Luepke,DAL,RB,0.78,1,3,False
00-0038783,Nate Adkins,DEN,TE,3.57,1,2,False
00-0038794,Jaleel McLaughlin,CLE,RB,1.86,1,3,False
00-0038797,Emanuel Wilson,SEA,RB,6.51,1,3,False
00-0038824,Ryan Miller,MIA,WR,1.31,1,2,False
00-0038840,Brycen Tremayne,CAR,WR,0.2,1,0,False
00-0038896,Jacob Saylors,DET,RB,0.38,1,0,False
00-0038933,Dalton Kincaid,BUF,TE,10.39,3,0,True
00-0038935,Brenton Strange,JAX,TE,6.64,3,0,True
00-0038951,Sean Tucker,TB,RB,0.83,1,0,False
00-0038976,Marvin Mims Jr.,DEN,WR,0.47,1,0,False
00-0038994,Jordan Addison,MIN,WR,7.97,3,0,True
00-0038996,Tucker Kraft,GB,TE,9.5,3,0,True
00-0038997,Josh Downs,IND,WR,10.03,3,0,True
00-0039021,Roschon Johnson,CHI,RB,0.07,1,0,False
00-0039032,Tyjae Spears,TEN,RB,7.4,2,2,False
00-0039040,De'Von Achane,MIA,RB,15.17,4,0,True
00-0039041,Elijah Higgins,ARI,TE,0.22,1,0,False
00-0039050,Payne Durham,TB,TE,0.1,1,0,False
00-0039062,Jonathan Mingo,DAL,WR,1.34,1,2,False
00-0039064,Zay Flowers,BAL,WR,13.48,3,0,True
00-0039065,Sam LaPorta,DET,TE,9.99,3,0,True
00-0039066,Michael Mayer,LV,TE,7.48,1,2,False
00-0039067,Rashee Rice,KC,WR,10.66,3,0,True
00-0039074,Davis Allen,LA,TE,1.32,1,2,False
00-0039075,Puka Nacua,LA,WR,13.68,1,2,False
00-0039139,Jahmyr Gibbs,DET,RB,21.48,4,0,True
00-0039150,Bryce Young,CAR,QB,17.4,5,0,True
00-0039163,C.J. Stroud,HOU,QB,16.68,5,0,True
00-0039299,George Holani,SEA,RB,5.48,1,3,False
00-0039337,Malik Nabers,NYG,WR,10.6,3,0,True
00-0039338,Brock Bowers,LV,TE,9.94,3,0,True
00-0039342,Xavier Legette,CAR,WR,3.16,3,0,True
00-0039356,Ja'Tavion Sanders,CAR,TE,0.27,1,0,False
00-0039359,Cade Stover,HOU,TE,0.92,1,2,False
00-0039361,Bucky Irving,TB,RB,14.74,2,2,False
00-0039364,Sione Vaki,DET,RB,2.3,1,3,False
00-0039365,Jacob Cowing,SF,WR,0.55,1,0,False
00-0039384,Tyrone Tracy Jr.,NYG,RB,1.29,1,3,False
00-0039391,Kimani Vidal,LAC,RB,0.66,1,0,False
00-0039407,Dylan Laube,LV,RB,0.24,1,0,False
00-0039410,Ryan Flournoy,DAL,WR,6.57,1,2,False
00-0039424,Devaughn Vele,NO,WR,9.21,3,0,True
00-0039451,Isaiah Williams,NYJ,WR,4.21,1,2,False
00-0039491,Jalen Coker,CAR,WR,11.47,3,0,True
00-0039530,Brevyn Spann-Ford,DAL,TE,2.34,1,2,False
00-0039589,Kameron Johnson,TB,WR,0.16,1,0,False
00-0039603,British Brooks,HOU,RB,0.05,1,0,False
00-0039648,David Martin-Robinson,TEN,TE,0.0,1,0,False
00-0039686,Colson Yankoff,WAS,TE,1.09,1,2,False
00-0039732,Bo Nix,DEN,QB,16.75,5,0,True
00-0039738,Blake Corum,LA,RB,7.67,2,2,False
00-0039739,Roman Wilson,PIT,WR,7.79,1,2,False
00-0039746,Will Shipley,PHI,RB,4.16,1,3,False
00-0039792,Devontez Walker,BAL,WR,3.62,1,2,False
00-0039793,AJ Barner,SEA,TE,5.65,3,0,True
00-0039794,Braelon Allen,NYJ,RB,5.49,1,3,False
00-0039796,Rasheen Ali,BAL,RB,0.08,1,0,False
00-0039798,Isaiah Davis,NYJ,RB,0.22,1,0,False
00-0039811,MarShawn Lloyd,GB,RB,6.84,4,0,True
00-0039814,Erick All,CIN,TE,3.79,1,2,False
00-0039847,Theo Johnson,NYG,TE,3.19,1,2,False
00-0039849,Marvin Harrison Jr.,ARI,WR,6.26,3,0,True
00-0039851,Drake Maye,NE,QB,17.98,5,0,True
00-0039855,Jalen McMillan,TB,WR,1.01,1,0,False
00-0039868,Troy Franklin,DEN,WR,2.02,1,2,False
00-0039874,Jaylen Wright,MIA,RB,1.03,1,3,False
00-0039875,Ray Davis,BUF,RB,0.89,1,3,False
00-0039880,Malik Washington,MIA,WR,8.9,1,2,False
00-0039890,Adonai Mitchell,NYJ,WR,8.94,3,0,True
00-0039893,Brian Thomas Jr,JAX,WR,7.78,3,0,True
00-0039894,Xavier Worthy,KC,WR,8.55,3,0,True
00-0039901,Keon Coleman,BUF,WR,5.27,1,2,False
00-0039912,Ben Sinnott,WAS,TE,1.44,1,2,False
00-0039915,Ladd McConkey,LAC,WR,10.33,3,0,True
00-0039917,Michael Penix Jr.,ATL,QB,13.14,5,0,True
00-0039919,Rome Odunze,CHI,WR,5.89,1,2,False
00-0039920,Malachi Corley,CLE,WR,0.15,1,0,False
00-0040024,Darius Cooper,PHI,WR,3.51,1,2,False
00-0040058,Nick Kallerup,SEA,TE,0.23,1,0,False
00-0040075,LaJohntay Wester,BAL,WR,2.93,1,2,False
00-0040078,Brashard Smith,KC,RB,0.32,1,0,False
00-0040081,Jake Briningstool,KC,TE,1.16,1,2,False
00-0040122,Ashton Jeanty,LV,RB,16.16,4,0,True
00-0040124,Tetairoa McMillan,CAR,WR,11.34,3,0,True
00-0040126,Colston Loveland,CHI,TE,3.92,1,2,False
00-0040128,Tyler Warren,IND,TE,9.66,3,0,True
00-0040129,Emeka Egbuka,TB,WR,9.59,3,0,True
00-0040131,Kyle Williams,NE,WR,2.73,1,2,False
00-0040134,Pat Bryant,DEN,WR,5.71,3,0,True
00-0040138,Jaylin Noel,HOU,WR,6.01,3,0,True
00-0040142,Kaleb Johnson,GB,RB,6.79,2,2,False
00-0040154,Tai Felton,MIN,WR,0.19,1,0,False
00-0040164,Jaylin Lane,WAS,WR,1.28,1,2,False
00-0040170,Elic Ayomanor,TEN,WR,3.58,3,0,True
00-0040172,Jordan Watkins,SF,WR,0.56,1,0,False
00-0040187,Mitchell Evans,CAR,TE,1.76,1,2,False
00-0040189,Oronde Gadsden II,LAC,TE,7.9,3,0,True
00-0040194,Jackson Hawes,BUF,TE,0.31,1,0,False
00-0040198,Ollie Gordon II,MIA,RB,1.71,1,3,False
00-0040208,Tahj Brooks,CIN,RB,0.13,1,0,False
00-0040215,Gavin Bartholomew,MIN,TE,0.01,1,0,False
00-0040236,Kyle Monangai,CHI,RB,8.7,1,3,False
00-0040237,Tez Johnson,TB,WR,3.96,1,2,False
00-0040238,LeQuint Allen Jr.,JAX,RB,1.17,1,3,False
00-0040242,Jacory Croskey-Merritt,WAS,RB,8.13,2,2,False
00-0040277,Jahdae Walker,CHI,WR,0.54,1,2,False
00-0040363,Keleki Latu,BUF,TE,0.0,1,0,False
00-0040390,Jackson Meeks,DET,WR,0.18,1,0,False
00-0040466,Raheim Sanders,CLE,RB,3.04,1,3,False
00-0040506,Myles Price,MIN,WR,1.1,1,2,False
00-0040534,Ke'Shawn Williams,CIN,WR,0.18,1,0,False
00-0040556,Corey Kiner,NE,RB,1.99,1,3,False
00-0040563,Efton Chism III,NE,WR,1.24,1,2,False
00-0040583,Woody Marks,HOU,RB,9.47,2,2,False
00-0040584,Gunnar Helm,TEN,TE,5.55,3,0,True
00-0040590,Konata Mumpfield,LA,WR,2.55,1,2,False
00-0040646,Jalen Royals,KC,WR,1.48,1,2,False
00-0040648,Tory Horton,SEA,WR,0.51,1,0,False
00-0040663,Harold Fannin Jr.,CLE,TE,8.31,3,0,True
00-0040666,Omarion Hampton,LAC,RB,13.08,4,0,True
00-0040667,Matthew Golden,GB,WR,10.45,3,0,True
00-0040669,Isaac TeSlaa,DET,WR,4.61,1,2,False
00-0040676,Cam Ward,TEN,QB,13.72,5,0,True
00-0040705,Chimere Dike,TEN,WR,1.28,1,2,False
00-0040715,Cam Skattebo,NYG,RB,12.68,4,0,True
00-0040718,Travis Hunter,JAX,WR,1.31,1,2,False
00-0040719,Bhayshul Tuten,JAX,RB,11.0,4,0,True
00-0040727,Tre Harris,LAC,WR,6.22,3,0,True
00-0040729,Jack Bech,LV,WR,4.12,1,2,False
00-0040730,RJ Harvey,DEN,RB,6.57,1,3,False
00-0040734,TreVeyon Henderson,NE,RB,9.41,4,0,True
00-0040735,Luther Burden III,CHI,WR,8.04,1,2,False
00-0040736,Mason Taylor,NYJ,TE,4.19,1,2,False
00-0040737,Terrance Ferguson,LA,TE,7.06,1,2,False
00-0040739,Elijah Arroyo,SEA,TE,1.65,1,2,False
00-0040743,Tyler Shough,NO,QB,19.18,5,0,True
00-0040782,Isaiah Bond,CLE,WR,1.2,1,2,False
00-0040784,Quinshon Judkins,CLE,RB,12.61,4,0,True
00-0040785,Dohnte Meyers,CIN,WR,1.6,1,2,False
00-0040867,Makai Lemon,PHI,WR,3.46,1,2,False
00-0040876,Elijah Sarratt,BAL,WR,0.29,1,0,False
00-0040878,Mike Washington Jr.,LV,RB,3.65,1,3,False
00-0040879,Matthew Hibner,BAL,TE,1.07,1,2,False
00-0040886,Nicholas Singleton,TEN,RB,2.08,1,3,False
00-0040887,Josh Cuevas,BAL,TE,0.14,1,0,False
00-0040890,Cyrus Allen,KC,WR,1.08,1,2,False
00-0040894,Malik Benson,LV,WR,2.43,1,2,False
00-0040930,Camden Brown,DAL,WR,0.08,1,0,False
00-0040948,J. Michael Sturdivant,GB,WR,0.11,1,0,False
00-0041013,Emmett Johnson,KC,RB,6.97,4,0,True
00-0041027,Jeremiyah Love,ARI,RB,11.04,2,2,False
00-0041032,Kenyon Sadiq,NYJ,TE,4.14,1,2,False
00-0041037,Denzel Boston,CLE,WR,9.47,3,0,True
00-0041040,Antonio Williams,WAS,WR,4.09,1,2,False
00-0041041,Oscar Delp,NO,TE,1.59,1,2,False
00-0041042,Malachi Fields,NYG,WR,5.24,3,0,True
00-0041044,Zachariah Branch,ATL,WR,2.11,1,2,False
00-0041048,Ted Hurst III,TB,WR,7.2,1,2,False
00-0041051,Zavion Thomas,CHI,WR,0.05,1,0,False
00-0041052,Kaelon Black,SF,RB,6.55,1,3,False
00-0041067,Bryce Lance,NO,WR,4.09,1,2,False
00-0041069,Colbie Young,CIN,WR,1.56,1,2,False
00-0041075,Justin Jefferson,CLE,LB,12.94,3,0,False
00-0041077,Justin Joly,MIA,TE,0.0,1,0,False
00-0041081,Max Bredeson,MIN,TE,0.06,1,0,False
00-0041084,Tanner Koziol,JAX,TE,0.05,1,0,False
00-0041094,Bauer Sharp,TB,TE,0.12,1,0,False
00-0041096,Kaytron Allen,WAS,RB,2.22,1,3,False
00-0041099,Barion Brown,NO,WR,0.23,1,2,False
00-0041100,Josh Cameron,JAX,WR,2.33,1,2,False
00-0041104,Demond Claiborne,MIN,RB,2.27,1,3,False
00-0041106,CJ Williams,JAX,WR,0.29,1,0,False
00-0041116,Jack Endries,CIN,TE,0.1,1,0,False
00-0041125,Seth McGowan,IND,RB,1.21,1,3,False
00-0041131,Carsen Ryan,CLE,TE,0.01,1,0,False
00-0041132,Deion Burks,IND,WR,0.02,1,2,False
00-0041395,Eli Raridon,NE,TE,1.18,1,2,False
00-0041397,Kaden Wetjen,PIT,WR,0.08,1,0,False
00-0041398,Riley Nowakowski,PIT,TE,0.0,1,0,False
00-0041438,Carnell Tate,TEN,WR,7.55,3,0,True
00-0041443,Skyler Bell,BUF,WR,0.24,1,0,False
00-0041467,Lewis Bond,HOU,WR,0.17,1,0,False
00-0041472,Marlin Klein,HOU,TE,1.73,1,2,False
00-0041489,Germie Bernard,PIT,WR,9.72,1,2,False
00-0041490,Eli Heidenreich,PIT,RB,0.6,1,0,False
00-0041496,Jonah Coleman,DEN,RB,9.33,1,3,False
00-0041503,Nate Boerkircher,JAX,TE,1.67,1,2,False
00-0041512,Jadarian Price,SEA,RB,9.65,1,3,False
00-0041523,Caleb Douglas,MIA,WR,6.99,1,2,False
00-0041524,Will Kacmarek,MIA,TE,1.19,1,2,False
00-0041525,Chris Bell,MIA,WR,2.49,1,2,False
00-0041529,Kevin Coleman Jr.,MIA,WR,2.42,1,2,False
00-0041547,KC Concepcion,CLE,WR,8.34,4,0,True
00-0041550,Brenen Thompson,LAC,WR,4.07,1,2,False
00-0041558,Sam Roush,CHI,TE,3.37,1,2,False
00-0041579,Seydou Traore,MIA,TE,0.04,1,0,False
