season,week,norm,player,pos,arch_fit,snapshot_date
2026,3,jahmyr gibbs,Jahmyr Gibbs,RB,100.0,2026-09-25
2026,3,bijan robinson,Bijan Robinson,RB,100.0,2026-09-25
2026,3,jaxon smith njigba,Jaxon Smith-Njigba,WR,100.0,2026-09-25
2026,3,ashton jeanty,Ashton Jeanty,RB,100.0,2026-09-25
2026,3,zay flowers,Zay Flowers,WR,100.0,2026-09-25
2026,3,ceedee lamb,CeeDee Lamb,WR,100.0,2026-09-25
2026,3,chris olave,Chris Olave,WR,100.0,2026-09-25
2026,3,omarion hampton,Omarion Hampton,RB,98.9,2026-09-25
2026,3,amon ra st brown,Amon-Ra St. Brown,WR,97.9,2026-09-25
2026,3,josh allen,Josh Allen,QB,97.7,2026-09-25
2026,3,josh downs,Josh Downs,WR,95.5,2026-09-25
2026,3,tee higgins,Tee Higgins,WR,95.5,2026-09-25
2026,3,jalen hurts,Jalen Hurts,QB,95.4,2026-09-25
2026,3,jayden daniels,Jayden Daniels,QB,95.4,2026-09-25
2026,3,devon achane,De'Von Achane,RB,94.4,2026-09-25
2026,3,caleb williams,Caleb Williams,QB,94.2,2026-09-25
2026,3,devonta smith,DeVonta Smith,WR,94.1,2026-09-25
2026,3,christian watson,Christian Watson,WR,93.7,2026-09-25
2026,3,tyler shough,Tyler Shough,QB,93.5,2026-09-25
2026,3,dontayvion wicks,Dontayvion Wicks,WR,93.2,2026-09-25
2026,3,garrett wilson,Garrett Wilson,WR,93.2,2026-09-25
2026,3,drake london,Drake London,WR,92.5,2026-09-25
2026,3,tyler warren,Tyler Warren,TE,92.5,2026-09-25
2026,3,jaylen waddle,Jaylen Waddle,WR,91.0,2026-09-25
2026,3,michael mayer,Michael Mayer,TE,90.3,2026-09-25
2026,3,drake maye,Drake Maye,QB,90.3,2026-09-25
2026,3,lamar jackson,Lamar Jackson,QB,90.2,2026-09-25
2026,3,parker washington,Parker Washington,WR,90.2,2026-09-25
2026,3,george pickens,George Pickens,WR,89.9,2026-09-25
2026,3,breece hall,Breece Hall,RB,89.5,2026-09-25
2026,3,chase brown,Chase Brown,RB,89.5,2026-09-25
2026,3,kenneth walker,Kenneth Walker III,RB,89.5,2026-09-25
2026,3,jaxson dart,Jaxson Dart,QB,89.5,2026-09-25
2026,3,jalen coker,Jalen Coker,WR,89.3,2026-09-25
2026,3,trey mcbride,Trey McBride,TE,89.0,2026-09-25
2026,3,alec pierce,Alec Pierce,WR,88.8,2026-09-25
2026,3,tre tucker,Tre Tucker,WR,88.8,2026-09-25
2026,3,wandale robinson,Wan'Dale Robinson,WR,86.5,2026-09-25
2026,3,jalen nailor,Jalen Nailor,WR,86.5,2026-09-25
2026,3,darnell mooney,Darnell Mooney,WR,86.5,2026-09-25
2026,3,michael pittman,Michael Pittman,WR,86.5,2026-09-25
2026,3,rashee rice,Rashee Rice,WR,86.5,2026-09-25
2026,3,geno smith,Geno Smith,QB,85.6,2026-09-25
2026,3,treveyon henderson,TreVeyon Henderson,RB,85.6,2026-09-25
2026,3,deshaun watson,Deshaun Watson,QB,85.0,2026-09-25
2026,3,ladd mcconkey,Ladd McConkey,WR,84.9,2026-09-25
2026,3,adonai mitchell,Adonai Mitchell,WR,84.9,2026-09-25
2026,3,nico collins,Nico Collins,WR,83.5,2026-09-25
2026,3,cam skattebo,Cam Skattebo,RB,83.3,2026-09-25
2026,3,brian thomas,Brian Thomas Jr.,WR,82.6,2026-09-25
2026,3,jeremiyah love,Jeremiyah Love,RB,82.2,2026-09-25
2026,3,jonathan mingo,Jonathan Mingo,WR,82.0,2026-09-25
2026,3,ryan miller,Ryan Miller,WR,82.0,2026-09-25
2026,3,tutu atwell,Tutu Atwell,WR,82.0,2026-09-25
2026,3,dalton kincaid,Dalton Kincaid,TE,82.0,2026-09-25
2026,3,cody white,Cody White,WR,82.0,2026-09-25
2026,3,tetairoa mcmillan,Tetairoa McMillan,WR,81.7,2026-09-25
2026,3,mark andrews,Mark Andrews,TE,81.2,2026-09-25
2026,3,bhayshul tuten,Bhayshul Tuten,RB,81.1,2026-09-25
2026,3,khalil shakir,Khalil Shakir,WR,80.7,2026-09-25
2026,3,jared wayne,Jared Wayne,WR,80.5,2026-09-25
2026,3,dareke young,Dareke Young,WR,79.8,2026-09-25
2026,3,kavontae turpin,KaVontae Turpin,WR,79.8,2026-09-25
2026,3,justin jefferson,Justin Jefferson,WR,79.8,2026-09-25
2026,3,mike evans,Mike Evans,WR,79.8,2026-09-25
2026,3,travis kelce,Travis Kelce,TE,79.6,2026-09-25
2026,3,matthew golden,Matthew Golden,WR,79.5,2026-09-25
2026,3,tyquan thornton,Tyquan Thornton,WR,79.5,2026-09-25
2026,3,jamarr chase,Ja'Marr Chase,WR,79.4,2026-09-25
2026,3,jameson williams,Jameson Williams,WR,79.4,2026-09-25
2026,3,jonathan taylor,Jonathan Taylor,RB,79.0,2026-09-25
2026,3,devaughn vele,Devaughn Vele,WR,78.8,2026-09-25
2026,3,michael wilson,Michael Wilson,WR,78.3,2026-09-25
2026,3,terrance ferguson,Terrance Ferguson,TE,78.3,2026-09-25
2026,3,keon coleman,Keon Coleman,WR,78.1,2026-09-25
2026,3,bucky irving,Bucky Irving,RB,77.8,2026-09-25
2026,3,davante adams,Davante Adams,WR,77.5,2026-09-25
2026,3,rashod bateman,Rashod Bateman,WR,76.8,2026-09-25
2026,3,james cook,James Cook,RB,76.8,2026-09-25
2026,3,quinshon judkins,Quinshon Judkins,RB,76.7,2026-09-25
2026,3,harold fannin,Harold Fannin Jr.,TE,76.7,2026-09-25
2026,3,javonte williams,Javonte Williams,RB,76.2,2026-09-25
2026,3,jadarian price,Jadarian Price,RB,75.6,2026-09-25
2026,3,patrick mahomes,Patrick Mahomes,QB,75.5,2026-09-25
2026,3,antonio williams,Antonio Williams,WR,75.2,2026-09-25
2026,3,denzel boston,Denzel Boston,WR,75.2,2026-09-25
2026,3,caleb douglas,Caleb Douglas,WR,75.2,2026-09-25
2026,3,kyren williams,Kyren Williams,RB,75.1,2026-09-25
2026,3,puka nacua,Puka Nacua,WR,75.1,2026-09-25
2026,3,rome odunze,Rome Odunze,WR,74.8,2026-09-25
2026,3,calvin ridley,Calvin Ridley,WR,74.5,2026-09-25
2026,3,dj moore,DJ Moore,WR,74.5,2026-09-25
2026,3,aj brown,A.J. Brown,WR,74.5,2026-09-25
2026,3,jahan dotson,Jahan Dotson,WR,74.5,2026-09-25
2026,3,baker mayfield,Baker Mayfield,QB,74.4,2026-09-25
2026,3,tucker kraft,Tucker Kraft,TE,74.2,2026-09-25
2026,3,tj hockenson,T.J. Hockenson,TE,74.0,2026-09-25
2026,3,romeo doubs,Romeo Doubs,WR,73.8,2026-09-25
2026,3,kayshon boutte,Kayshon Boutte,WR,73.8,2026-09-25
2026,3,brenton strange,Brenton Strange,TE,73.8,2026-09-25
2026,3,devontez walker,Devontez Walker,WR,73.6,2026-09-25
2026,3,dalton schultz,Dalton Schultz,TE,73.3,2026-09-25
2026,3,bo melton,Bo Melton,WR,73.2,2026-09-25
2026,3,sam laporta,Sam LaPorta,TE,73.2,2026-09-25
2026,3,roman wilson,Roman Wilson,WR,72.3,2026-09-25
2026,3,jakobi meyers,Jakobi Meyers,WR,72.2,2026-09-25
2026,3,gunnar helm,Gunnar Helm,TE,72.2,2026-09-25
2026,3,dyami brown,Dyami Brown,WR,72.0,2026-09-25
2026,3,xavier hutchinson,Xavier Hutchinson,WR,71.8,2026-09-25
2026,3,isaiah likely,Isaiah Likely,TE,71.6,2026-09-25
2026,3,kendrick bourne,Kendrick Bourne,WR,70.8,2026-09-25
2026,3,elic ayomanor,Elic Ayomanor,WR,70.8,2026-09-25
2026,3,chris godwin,Chris Godwin Jr.,WR,70.8,2026-09-25
2026,3,demario douglas,DeMario Douglas,WR,70.6,2026-09-25
2026,3,deebo samuel,Deebo Samuel Sr.,WR,70.2,2026-09-25
2026,3,andrei iosivas,Andrei Iosivas,WR,69.8,2026-09-25
2026,3,pat bryant,Pat Bryant,WR,69.7,2026-09-25
2026,3,george kittle,George Kittle,TE,69.7,2026-09-25
2026,3,jaylin noel,Jaylin Noel,WR,69.7,2026-09-25
2026,3,derrick henry,Derrick Henry,RB,69.2,2026-09-25
2026,3,brock purdy,Brock Purdy,QB,68.7,2026-09-25
2026,3,emeka egbuka,Emeka Egbuka,WR,68.7,2026-09-25
2026,3,josh cameron,Josh Cameron,WR,68.5,2026-09-25
2026,3,isaiah bond,Isaiah Bond,WR,68.5,2026-09-25
2026,3,j michael sturdivant,J. Michael Sturdivant,WR,68.5,2026-09-25
2026,3,jahdae walker,Jahdae Walker,WR,68.5,2026-09-25
2026,3,bo nix,Bo Nix,QB,68.5,2026-09-25
2026,3,darius cooper,Darius Cooper,WR,68.5,2026-09-25
2026,3,omar cooper,Omar Cooper Jr.,WR,68.5,2026-09-25
2026,3,jalen royals,Jalen Royals,WR,68.5,2026-09-25
2026,3,justin herbert,Justin Herbert,QB,68.5,2026-09-25
2026,3,ryan flournoy,Ryan Flournoy,WR,68.3,2026-09-25
2026,3,cade otton,Cade Otton,TE,67.9,2026-09-25
2026,3,jerry jeudy,Jerry Jeudy,WR,67.2,2026-09-25
2026,3,skyy moore,Skyy Moore,WR,67.1,2026-09-25
2026,3,malik willis,Malik Willis,QB,67.0,2026-09-25
2026,3,dandre swift,D'Andre Swift,RB,66.8,2026-09-25
2026,3,kyle williams,Kyle Williams,WR,66.3,2026-09-25
2026,3,dohnte meyers,Dohnte Meyers,WR,66.3,2026-09-25
2026,3,bryce lance,Bryce Lance,WR,66.0,2026-09-25
2026,3,kaelon black,Kaelon Black,RB,65.8,2026-09-25
2026,3,troy franklin,Troy Franklin,WR,65.5,2026-09-25
2026,3,andrew ogletree,Andrew Ogletree,TE,65.4,2026-09-25
2026,3,cam ward,Cam Ward,QB,65.3,2026-09-25
2026,3,malik nabers,Malik Nabers,WR,64.9,2026-09-25
2026,3,xavier worthy,Xavier Worthy,WR,64.9,2026-09-25
2026,3,malik washington,Malik Washington,WR,64.9,2026-09-25
2026,3,pat freiermuth,Pat Freiermuth,TE,64.9,2026-09-25
2026,3,kyle monangai,Kyle Monangai,RB,64.7,2026-09-25
2026,3,josh palmer,Josh Palmer,WR,64.5,2026-09-25
2026,3,jordan addison,Jordan Addison,WR,64.4,2026-09-25
2026,3,quintin morris,Quintin Morris,TE,63.8,2026-09-25
2026,3,jayden reed,Jayden Reed,WR,63.5,2026-09-25
2026,3,kirk cousins,Kirk Cousins,QB,63.3,2026-09-25
2026,3,ted hurst,Ted Hurst III,WR,63.2,2026-09-25
2026,3,malachi fields,Malachi Fields,WR,63.2,2026-09-25
2026,3,jacory croskey merritt,Jacory Croskey-Merritt,RB,63.1,2026-09-25
2026,3,germie bernard,Germie Bernard,WR,63.0,2026-09-25
2026,3,juwan johnson,Juwan Johnson,TE,63.0,2026-09-25
2026,3,ian thomas,Ian Thomas,TE,62.8,2026-09-25
2026,3,rashid shaheed,Rashid Shaheed,WR,62.8,2026-09-25
2026,3,brenen thompson,Brenen Thompson,WR,62.7,2026-09-25
2026,3,jack bech,Jack Bech,WR,62.7,2026-09-25
2026,3,kendre miller,Kendre Miller,RB,62.5,2026-09-25
2026,3,kc concepcion,KC Concepcion,WR,61.9,2026-09-25
2026,3,quentin johnston,Quentin Johnston,WR,61.8,2026-09-25
2026,3,colby parkinson,Colby Parkinson,TE,61.4,2026-09-25
2026,3,marvin harrison,Marvin Harrison Jr.,WR,61.3,2026-09-25
2026,3,terry mclaurin,Terry McLaurin,WR,61.3,2026-09-25
2026,3,greg dulcich,Greg Dulcich,TE,61.0,2026-09-25
2026,3,luther burden,Luther Burden III,WR,60.8,2026-09-25
2026,3,nate boerkircher,Nate Boerkircher,TE,60.4,2026-09-25
2026,3,konata mumpfield,Konata Mumpfield,WR,60.4,2026-09-25
2026,3,chris bell,Chris Bell,WR,60.4,2026-09-25
2026,3,stefon diggs,Stefon Diggs,WR,60.0,2026-09-25
2026,3,dallas goedert,Dallas Goedert,TE,59.7,2026-09-25
2026,3,jonnu smith,Jonnu Smith,TE,59.5,2026-09-25
2026,3,braelon allen,Braelon Allen,RB,59.2,2026-09-25
2026,3,mike gesicki,Mike Gesicki,TE,59.2,2026-09-25
2026,3,tommy tremble,Tommy Tremble,TE,59.0,2026-09-25
2026,3,josh oliver,Josh Oliver,TE,58.7,2026-09-25
2026,3,jacoby brissett,Jacoby Brissett,QB,58.5,2026-09-25
2026,3,blake whiteheart,Blake Whiteheart,TE,58.3,2026-09-25
2026,3,travis etienne,Travis Etienne,RB,57.9,2026-09-25
2026,3,jake ferguson,Jake Ferguson,TE,57.7,2026-09-25
2026,3,kalif raymond,Kalif Raymond,WR,57.7,2026-09-25
2026,3,dk metcalf,DK Metcalf,WR,57.6,2026-09-25
2026,3,xavier legette,Xavier Legette,WR,57.2,2026-09-25
2026,3,noah fant,Noah Fant,TE,57.2,2026-09-25
2026,3,tyler allgeier,Tyler Allgeier,RB,56.4,2026-09-25
2026,3,blake corum,Blake Corum,RB,56.4,2026-09-25
2026,3,colston loveland,Colston Loveland,TE,56.3,2026-09-25
2026,3,lajohntay wester,LaJohntay Wester,WR,56.2,2026-09-25
2026,3,isaiah williams,Isaiah Williams,WR,56.0,2026-09-25
2026,3,davis allen,Davis Allen,TE,55.8,2026-09-25
2026,3,tyler higbee,Tyler Higbee,TE,55.8,2026-09-25
2026,3,joe burrow,Joe Burrow,QB,55.5,2026-09-25
2026,3,zachariah branch,Zachariah Branch,WR,55.5,2026-09-25
2026,3,dak prescott,Dak Prescott,QB,55.3,2026-09-25
2026,3,carnell tate,Carnell Tate,WR,55.1,2026-09-25
2026,3,derius davis,Derius Davis,WR,55.0,2026-09-25
2026,3,treylon burks,Treylon Burks,WR,55.0,2026-09-25
2026,3,ben skowronek,Ben Skowronek,WR,55.0,2026-09-25
2026,3,chris blair,Chris Blair,WR,55.0,2026-09-25
2026,3,xavier smith,Xavier Smith,WR,55.0,2026-09-25
2026,3,kevin austin,Kevin Austin Jr.,WR,55.0,2026-09-25
2026,3,jauan jennings,Jauan Jennings,WR,55.0,2026-09-25
2026,3,jordan mason,Jordan Mason,RB,54.8,2026-09-25
2026,3,matthew stafford,Matthew Stafford,QB,54.8,2026-09-25
2026,3,daniel bellinger,Daniel Bellinger,TE,54.4,2026-09-25
2026,3,darren waller,Darren Waller,TE,54.1,2026-09-25
2026,3,hunter henry,Hunter Henry,TE,53.9,2026-09-25
2026,3,makai lemon,Makai Lemon,WR,53.8,2026-09-25
2026,3,tez johnson,Tez Johnson,WR,53.8,2026-09-25
2026,3,mike washington,Mike Washington Jr.,RB,53.6,2026-09-25
2026,3,emmett johnson,Emmett Johnson,RB,53.6,2026-09-25
2026,3,jonah coleman,Jonah Coleman,RB,53.6,2026-09-25
2026,3,cole kmet,Cole Kmet,TE,53.4,2026-09-25
2026,3,demarcus robinson,Demarcus Robinson,WR,53.2,2026-09-25
2026,3,will shipley,Will Shipley,RB,52.5,2026-09-25
2026,3,jonathon brooks,Jonathon Brooks,RB,52.5,2026-09-25
2026,3,kaytron allen,Kaytron Allen,RB,52.5,2026-09-25
2026,3,keaton mitchell,Keaton Mitchell,RB,52.5,2026-09-25
2026,3,david njoku,David Njoku,TE,52.3,2026-09-25
2026,3,isaac teslaa,Isaac TeSlaa,WR,52.1,2026-09-25
2026,3,dylan sampson,Dylan Sampson,RB,52.1,2026-09-25
2026,3,darnell washington,Darnell Washington,TE,51.9,2026-09-25
2026,3,laquon treadwell,Laquon Treadwell,WR,51.7,2026-09-25
2026,3,kaleb johnson,Kaleb Johnson,RB,51.4,2026-09-25
2026,3,jordan james,Jordan James,RB,51.4,2026-09-25
2026,3,corey kiner,Corey Kiner,RB,51.4,2026-09-25
2026,3,nicholas singleton,Nicholas Singleton,RB,51.4,2026-09-25
2026,3,christian mccaffrey,Christian McCaffrey,RB,51.4,2026-09-25
2026,3,will kacmarek,Will Kacmarek,TE,51.4,2026-09-25
2026,3,kenyon sadiq,Kenyon Sadiq,TE,51.3,2026-09-25
2026,3,woody marks,Woody Marks,RB,50.9,2026-09-25
2026,3,courtland sutton,Courtland Sutton,WR,50.8,2026-09-25
2026,3,sam roush,Sam Roush,TE,50.6,2026-09-25
2026,3,dawson knox,Dawson Knox,TE,50.6,2026-09-25
2026,3,aaron jones,Aaron Jones,RB,50.6,2026-09-25
2026,3,saquon barkley,Saquon Barkley,RB,50.3,2026-09-25
2026,3,erick all,Erick All,TE,49.4,2026-09-25
2026,3,drew sample,Drew Sample,TE,49.4,2026-09-25
2026,3,tre harris,Tre Harris,WR,49.3,2026-09-25
2026,3,mitchell evans,Mitchell Evans,TE,49.3,2026-09-25
2026,3,ollie gordon,Ollie Gordon II,RB,49.2,2026-09-25
2026,3,marshawn lloyd,MarShawn Lloyd,RB,49.0,2026-09-25
2026,3,cooper kupp,Cooper Kupp,WR,48.8,2026-09-25
2026,3,johnny mundt,Johnny Mundt,TE,48.3,2026-09-25
2026,3,luke farrell,Luke Farrell,TE,48.2,2026-09-25
2026,3,david montgomery,David Montgomery,RB,48.1,2026-09-25
2026,3,durham smythe,Durham Smythe,TE,48.0,2026-09-25
2026,3,sam darnold,Sam Darnold,QB,47.6,2026-09-25
2026,3,jared goff,Jared Goff,QB,47.6,2026-09-25
2026,3,tank bigsby,Tank Bigsby,RB,47.6,2026-09-25
2026,3,brevyn spann ford,Brevyn Spann-Ford,TE,47.2,2026-09-25
2026,3,isaiah davis,Isaiah Davis,RB,47.1,2026-09-25
2026,3,emanuel wilson,Emanuel Wilson,RB,47.1,2026-09-25
2026,3,aj barner,AJ Barner,TE,47.0,2026-09-25
2026,3,evan engram,Evan Engram,TE,46.8,2026-09-25
2026,3,noah gray,Noah Gray,TE,46.7,2026-09-25
2026,3,jordan whittington,Jordan Whittington,WR,46.6,2026-09-25
2026,3,cj stroud,C.J. Stroud,QB,46.2,2026-09-25
2026,3,demond claiborne,Demond Claiborne,RB,46.1,2026-09-25
2026,3,chuba hubbard,Chuba Hubbard,RB,45.9,2026-09-25
2026,3,rhamondre stevenson,Rhamondre Stevenson,RB,45.9,2026-09-25
2026,3,cj donaldson,CJ Donaldson,RB,45.8,2026-09-25
2026,3,raheim sanders,Raheim Sanders,RB,45.8,2026-09-25
2026,3,jaylen wright,Jaylen Wright,RB,45.8,2026-09-25
2026,3,george holani,George Holani,RB,45.3,2026-09-25
2026,3,chris rodriguez,Chris Rodriguez Jr.,RB,45.3,2026-09-25
2026,3,matthew hibner,Matthew Hibner,TE,45.0,2026-09-25
2026,3,jaylen warren,Jaylen Warren,RB,44.8,2026-09-25
2026,3,kyle pitts,Kyle Pitts,TE,44.8,2026-09-25
2026,3,austin hooper,Austin Hooper,TE,44.8,2026-09-25
2026,3,seth mcgowan,Seth McGowan,RB,44.7,2026-09-25
2026,3,frank gore,Frank Gore Jr.,RB,44.7,2026-09-25
2026,3,theo johnson,Theo Johnson,TE,44.7,2026-09-25
2026,3,luke schoonmaker,Luke Schoonmaker,TE,44.6,2026-09-25
2026,3,tanner hudson,Tanner Hudson,TE,44.5,2026-09-25
2026,3,jake briningstool,Jake Briningstool,TE,44.4,2026-09-25
2026,3,brock wright,Brock Wright,TE,44.1,2026-09-25
2026,3,chris moore,Chris Moore,WR,44.0,2026-09-25
2026,3,oscar delp,Oscar Delp,TE,43.9,2026-09-25
2026,3,john bates,John Bates,TE,43.8,2026-09-25
2026,3,chig okonkwo,Chig Okonkwo,TE,43.8,2026-09-25
2026,3,brian robinson,Brian Robinson,RB,43.7,2026-09-25
2026,3,lequint allen,LeQuint Allen Jr.,RB,43.5,2026-09-25
2026,3,mason taylor,Mason Taylor,TE,43.2,2026-09-25
2026,3,jeremy ruckert,Jeremy Ruckert,TE,43.2,2026-09-25
2026,3,tyjae spears,Tyjae Spears,RB,43.1,2026-09-25
2026,3,khadarel hodge,KhaDarel Hodge,WR,43.0,2026-09-25
2026,3,ashton dulin,Ashton Dulin,WR,43.0,2026-09-25
2026,3,olamide zaccheaus,Olamide Zaccheaus,WR,43.0,2026-09-25
2026,3,liljordan humphrey,Lil'Jordan Humphrey,WR,43.0,2026-09-25
2026,3,jakobi lane,Ja'Kobi Lane,WR,41.5,2026-09-25
2026,3,jaylin lane,Jaylin Lane,WR,41.5,2026-09-25
2026,3,myles price,Myles Price,WR,41.5,2026-09-25
2026,3,trevor lawrence,Trevor Lawrence,QB,41.5,2026-09-25
2026,3,jk dobbins,J.K. Dobbins,RB,41.5,2026-09-25
2026,3,colbie young,Colbie Young,WR,41.5,2026-09-25
2026,3,kevin coleman,Kevin Coleman Jr.,WR,41.5,2026-09-25
2026,3,malik benson,Malik Benson,WR,41.5,2026-09-25
2026,3,cyrus allen,Cyrus Allen,WR,41.5,2026-09-25
2026,3,jimmy horn,Jimmy Horn Jr.,WR,41.5,2026-09-25
2026,3,efton chism,Efton Chism III,WR,41.5,2026-09-25
2026,3,chimere dike,Chimere Dike,WR,41.5,2026-09-25
2026,3,arian smith,Arian Smith,WR,41.5,2026-09-25
2026,3,foster moreau,Foster Moreau,TE,40.7,2026-09-25
2026,3,elijah arroyo,Elijah Arroyo,TE,40.6,2026-09-25
2026,3,eric saubert,Eric Saubert,TE,40.6,2026-09-25
2026,3,kyler murray,Kyler Murray,QB,40.3,2026-09-25
2026,3,oronde gadsden,Oronde Gadsden II,TE,40.2,2026-09-25
2026,3,chris brooks,Chris Brooks,RB,40.1,2026-09-25
2026,3,daniel jones,Daniel Jones,QB,40.1,2026-09-25
2026,3,kimani vidal,Kimani Vidal,RB,40.1,2026-09-25
2026,3,colson yankoff,Colson Yankoff,TE,38.8,2026-09-25
2026,3,ben sinnott,Ben Sinnott,TE,38.8,2026-09-25
2026,3,rj harvey,RJ Harvey,RB,38.7,2026-09-25
2026,3,mack hollins,Mack Hollins,WR,38.3,2026-09-25
2026,3,nate adkins,Nate Adkins,TE,38.0,2026-09-25
2026,3,adam trautman,Adam Trautman,TE,38.0,2026-09-25
2026,3,aaron rodgers,Aaron Rodgers,QB,37.7,2026-09-25
2026,3,charlie kolar,Charlie Kolar,TE,37.2,2026-09-25
2026,3,rachaad white,Rachaad White,RB,37.1,2026-09-25
2026,3,bam knight,Bam Knight,RB,36.4,2026-09-25
2026,3,eli raridon,Eli Raridon,TE,35.5,2026-09-25
2026,3,sione vaki,Sione Vaki,RB,35.3,2026-09-25
2026,3,marlin klein,Marlin Klein,TE,35.2,2026-09-25
2026,3,cade stover,Cade Stover,TE,35.2,2026-09-25
2026,3,tony pollard,Tony Pollard,RB,35.0,2026-09-25
2026,3,kenny gainwell,Kenny Gainwell,RB,34.5,2026-09-25
2026,3,jaleel mclaughlin,Jaleel McLaughlin,RB,34.2,2026-09-25
2026,3,tyler badie,Tyler Badie,RB,34.2,2026-09-25
2026,3,hunter luepke,Hunter Luepke,RB,34.2,2026-09-25
2026,3,tyrone tracy,Tyrone Tracy Jr.,RB,34.2,2026-09-25
2026,3,charlie woerner,Charlie Woerner,TE,33.8,2026-09-25
2026,3,ray davis,Ray Davis,RB,33.1,2026-09-25
2026,3,ronnie rivers,Ronnie Rivers,RB,32.6,2026-09-25
2026,3,bryce young,Bryce Young,QB,32.0,2026-09-25
2026,3,alvin kamara,Alvin Kamara,RB,31.7,2026-09-25
2026,3,michael penix,Michael Penix Jr.,QB,31.1,2026-09-25
2026,3,rico dowdle,Rico Dowdle,RB,28.4,2026-09-25
2026,3,emari demercado,Emari Demercado,RB,27.1,2026-09-25
2026,3,keenan allen,Keenan Allen,WR,26.3,2026-09-25
2026,3,jordan love,Jordan Love,QB,21.7,2026-09-25
2026,3,devin singletary,Devin Singletary,RB,21.7,2026-09-25
2026,3,justice hill,Justice Hill,RB,20.6,2026-09-25
2026,3,najee harris,Najee Harris,RB,20.6,2026-09-25
2026,3,aj dillon,AJ Dillon,RB,20.6,2026-09-25
2026,3,samaje perine,Samaje Perine,RB,19.5,2026-09-25
2026,3,ameer abdullah,Ameer Abdullah,RB,19.5,2026-09-25
2026,3,travis homer,Travis Homer,RB,16.1,2026-09-25
2026,3,deejay dallas,DeeJay Dallas,RB,13.9,2026-09-25
2026,3,jameis winston,Jameis Winston,QB,,2026-09-25
2026,3,marcus mariota,Marcus Mariota,QB,,2026-09-25
2026,3,carson wentz,Carson Wentz,QB,,2026-09-25
2026,3,nick mullens,Nick Mullens,QB,,2026-09-25
2026,3,patrick ricard,Patrick Ricard,RB,,2026-09-25
2026,3,cooper rush,Cooper Rush,QB,,2026-09-25
2026,3,braxton berrios,Braxton Berrios,WR,,2026-09-25
2026,3,mason rudolph,Mason Rudolph,QB,,2026-09-25
2026,3,greg dortch,Greg Dortch,WR,,2026-09-25
2026,3,tom kennedy,Tom Kennedy,WR,,2026-09-25
2026,3,marquise brown,Marquise Brown,WR,,2026-09-25
2026,3,drew lock,Drew Lock,QB,,2026-09-25
2026,3,reggie gilliam,Reggie Gilliam,RB,,2026-09-25
2026,3,devin duvernay,Devin Duvernay,WR,,2026-09-25
2026,3,simi fehoko,Simi Fehoko,WR,,2026-09-25
2026,3,feleipe franks,Feleipe Franks,TE,,2026-09-25
2026,3,mac jones,Mac Jones,QB,,2026-09-25
2026,3,hunter long,Hunter Long,TE,,2026-09-25
2026,3,britain covey,Britain Covey,WR,,2026-09-25
2026,3,nick muse,Nick Muse,TE,,2026-09-25
2026,3,kaden davis,Kaden Davis,WR,,2026-09-25
2026,3,tay martin,Tay Martin,WR,,2026-09-25
2026,3,julius chestnut,Julius Chestnut,RB,,2026-09-25
2026,3,john metchie,John Metchie III,WR,,2026-09-25
2026,3,kenny pickett,Kenny Pickett,QB,,2026-09-25
2026,3,tyson bagent,Tyson Bagent,QB,,2026-09-25
2026,3,brady russell,Brady Russell,RB,,2026-09-25
2026,3,ben vansumeren,Ben VanSumeren,RB,,2026-09-25
2026,3,nikko remigio,Nikko Remigio,WR,,2026-09-25
2026,3,cameron latu,Cameron Latu,TE,,2026-09-25
2026,3,jalen brooks,Jalen Brooks,WR,,2026-09-25
2026,3,brayden willis,Brayden Willis,TE,,2026-09-25
2026,3,brycen tremayne,Brycen Tremayne,WR,,2026-09-25
2026,3,jacob saylors,Jacob Saylors,RB,,2026-09-25
2026,3,marvin mims,Marvin Mims Jr.,WR,,2026-09-25
2026,3,roschon johnson,Roschon Johnson,RB,,2026-09-25
2026,3,elijah higgins,Elijah Higgins,TE,,2026-09-25
2026,3,stetson bennett,Stetson Bennett,QB,,2026-09-25
2026,3,jacob cowing,Jacob Cowing,WR,,2026-09-25
2026,3,dylan laube,Dylan Laube,RB,,2026-09-25
2026,3,treyton welch,Treyton Welch,TE,,2026-09-25
2026,3,kameron johnson,Kameron Johnson,WR,,2026-09-25
2026,3,british brooks,British Brooks,RB,,2026-09-25
2026,3,rasheen ali,Rasheen Ali,RB,,2026-09-25
2026,3,anthony gould,Anthony Gould,WR,,2026-09-25
2026,3,malachi corley,Malachi Corley,WR,,2026-09-25
2026,3,brashard smith,Brashard Smith,RB,,2026-09-25
2026,3,tahj brooks,Tahj Brooks,RB,,2026-09-25
2026,3,keleki latu,Keleki Latu,TE,,2026-09-25
2026,3,josh williams,Josh Williams,RB,,2026-09-25
2026,3,lan larison,Lan Larison,RB,,2026-09-25
2026,3,montorie foster,Montorie Foster Jr,WR,,2026-09-25
2026,3,zavion thomas,Zavion Thomas,WR,,2026-09-25
2026,3,bauer sharp,Bauer Sharp,TE,,2026-09-25
2026,3,barion brown,Barion Brown,WR,,2026-09-25
2026,3,carsen ryan,Carsen Ryan,TE,,2026-09-25
2026,3,deion burks,Deion Burks,WR,,2026-09-25
2026,3,jack strand,Jack Strand,QB,,2026-09-25
2026,3,kaden wetjen,Kaden Wetjen,WR,,2026-09-25
2026,3,dj herman,DJ Herman,RB,,2026-09-25
2026,3,eli heidenreich,Eli Heidenreich,RB,,2026-09-25
2026,4,ceedee lamb,CeeDee Lamb,WR,100.0,2026-09-30
2026,4,chris olave,Chris Olave,WR,100.0,2026-09-30
2026,4,ashton jeanty,Ashton Jeanty,RB,100.0,2026-09-30
2026,4,jahmyr gibbs,Jahmyr Gibbs,RB,100.0,2026-09-30
2026,4,zay flowers,Zay Flowers,WR,100.0,2026-09-30
2026,4,bijan robinson,Bijan Robinson,RB,100.0,2026-09-30
2026,4,jaxon smith njigba,Jaxon Smith-Njigba,WR,100.0,2026-09-30
2026,4,josh allen,Josh Allen,QB,97.7,2026-09-30
2026,4,omarion hampton,Omarion Hampton,RB,97.0,2026-09-30
2026,4,garrett wilson,Garrett Wilson,WR,97.0,2026-09-30
2026,4,tee higgins,Tee Higgins,WR,95.5,2026-09-30
2026,4,josh downs,Josh Downs,WR,95.5,2026-09-30
2026,4,jayden daniels,Jayden Daniels,QB,95.4,2026-09-30
2026,4,tyler warren,Tyler Warren,TE,95.1,2026-09-30
2026,4,caleb williams,Caleb Williams,QB,94.2,2026-09-30
2026,4,trey mcbride,Trey McBride,TE,94.2,2026-09-30
2026,4,christian watson,Christian Watson,WR,93.7,2026-09-30
2026,4,amon ra st brown,Amon-Ra St. Brown,WR,93.1,2026-09-30
2026,4,drake london,Drake London,WR,92.5,2026-09-30
2026,4,lamar jackson,Lamar Jackson,QB,92.5,2026-09-30
2026,4,dontayvion wicks,Dontayvion Wicks,WR,91.0,2026-09-30
2026,4,jeremiyah love,Jeremiyah Love,RB,90.4,2026-09-30
2026,4,george pickens,George Pickens,WR,90.0,2026-09-30
2026,4,jamarr chase,Ja'Marr Chase,WR,90.0,2026-09-30
2026,4,malik willis,Malik Willis,QB,89.7,2026-09-30
2026,4,jaxson dart,Jaxson Dart,QB,89.5,2026-09-30
2026,4,kenneth walker,Kenneth Walker III,RB,89.5,2026-09-30
2026,4,michael wilson,Michael Wilson,WR,89.2,2026-09-30
2026,4,wandale robinson,Wan'Dale Robinson,WR,89.2,2026-09-30
2026,4,alec pierce,Alec Pierce,WR,88.8,2026-09-30
2026,4,devonta smith,DeVonta Smith,WR,88.5,2026-09-30
2026,4,parker washington,Parker Washington,WR,88.1,2026-09-30
2026,4,tre tucker,Tre Tucker,WR,88.0,2026-09-30
2026,4,jalen hurts,Jalen Hurts,QB,87.9,2026-09-30
2026,4,breece hall,Breece Hall,RB,87.3,2026-09-30
2026,4,cam skattebo,Cam Skattebo,RB,87.0,2026-09-30
2026,4,harold fannin,Harold Fannin Jr.,TE,86.3,2026-09-30
2026,4,chase brown,Chase Brown,RB,85.8,2026-09-30
2026,4,michael mayer,Michael Mayer,TE,85.5,2026-09-30
2026,4,devon achane,De'Von Achane,RB,85.2,2026-09-30
2026,4,deshaun watson,Deshaun Watson,QB,85.0,2026-09-30
2026,4,jalen nailor,Jalen Nailor,WR,85.0,2026-09-30
2026,4,darnell mooney,Darnell Mooney,WR,85.0,2026-09-30
2026,4,adonai mitchell,Adonai Mitchell,WR,84.9,2026-09-30
2026,4,ryan miller,Ryan Miller,WR,84.2,2026-09-30
2026,4,ladd mcconkey,Ladd McConkey,WR,84.1,2026-09-30
2026,4,jalen coker,Jalen Coker,WR,84.1,2026-09-30
2026,4,brock bowers,Brock Bowers,TE,83.6,2026-09-30
2026,4,tyquan thornton,Tyquan Thornton,WR,83.5,2026-09-30
2026,4,nico collins,Nico Collins,WR,83.5,2026-09-30
2026,4,brycen tremayne,Brycen Tremayne,WR,83.5,2026-09-30
2026,4,drake maye,Drake Maye,QB,83.5,2026-09-30
2026,4,jaylen waddle,Jaylen Waddle,WR,83.0,2026-09-30
2026,4,jonathan mingo,Jonathan Mingo,WR,82.0,2026-09-30
2026,4,tutu atwell,Tutu Atwell,WR,82.0,2026-09-30
2026,4,cody white,Cody White,WR,82.0,2026-09-30
2026,4,bhayshul tuten,Bhayshul Tuten,RB,81.9,2026-09-30
2026,4,jameson williams,Jameson Williams,WR,81.6,2026-09-30
2026,4,rashee rice,Rashee Rice,WR,81.6,2026-09-30
2026,4,mark andrews,Mark Andrews,TE,81.5,2026-09-30
2026,4,javonte williams,Javonte Williams,RB,81.4,2026-09-30
2026,4,brenton strange,Brenton Strange,TE,81.3,2026-09-30
2026,4,quinshon judkins,Quinshon Judkins,RB,81.1,2026-09-30
2026,4,devaughn vele,Devaughn Vele,WR,80.6,2026-09-30
2026,4,michael pittman,Michael Pittman,WR,80.5,2026-09-30
2026,4,kavontae turpin,KaVontae Turpin,WR,80.5,2026-09-30
2026,4,ben skowronek,Ben Skowronek,WR,79.8,2026-09-30
2026,4,bucky irving,Bucky Irving,RB,79.6,2026-09-30
2026,4,matthew golden,Matthew Golden,WR,79.5,2026-09-30
2026,4,john metchie,John Metchie III,WR,79.5,2026-09-30
2026,4,khalil shakir,Khalil Shakir,WR,79.2,2026-09-30
2026,4,romeo doubs,Romeo Doubs,WR,79.2,2026-09-30
2026,4,jonathan taylor,Jonathan Taylor,RB,79.0,2026-09-30
2026,4,dareke young,Dareke Young,WR,79.0,2026-09-30
2026,4,james cook,James Cook,RB,79.0,2026-09-30
2026,4,brian thomas,Brian Thomas Jr.,WR,78.1,2026-09-30
2026,4,jared wayne,Jared Wayne,WR,77.7,2026-09-30
2026,4,kyren williams,Kyren Williams,RB,77.6,2026-09-30
2026,4,tory horton,Tory Horton,WR,77.5,2026-09-30
2026,4,mike evans,Mike Evans,WR,77.5,2026-09-30
2026,4,jakobi meyers,Jakobi Meyers,WR,77.5,2026-09-30
2026,4,dj moore,DJ Moore,WR,77.2,2026-09-30
2026,4,tyler shough,Tyler Shough,QB,76.9,2026-09-30
2026,4,treveyon henderson,TreVeyon Henderson,RB,76.7,2026-09-30
2026,4,keon coleman,Keon Coleman,WR,76.6,2026-09-30
2026,4,rashod bateman,Rashod Bateman,WR,76.4,2026-09-30
2026,4,kayshon boutte,Kayshon Boutte,WR,76.2,2026-09-30
2026,4,justin jefferson,Justin Jefferson,WR,76.0,2026-09-30
2026,4,davante adams,Davante Adams,WR,75.7,2026-09-30
2026,4,george kittle,George Kittle,TE,75.7,2026-09-30
2026,4,caleb douglas,Caleb Douglas,WR,75.2,2026-09-30
2026,4,dalton kincaid,Dalton Kincaid,TE,75.2,2026-09-30
2026,4,puka nacua,Puka Nacua,WR,75.1,2026-09-30
2026,4,marvin harrison,Marvin Harrison Jr.,WR,74.8,2026-09-30
2026,4,tetairoa mcmillan,Tetairoa McMillan,WR,74.6,2026-09-30
2026,4,jahan dotson,Jahan Dotson,WR,74.5,2026-09-30
2026,4,denzel boston,Denzel Boston,WR,74.5,2026-09-30
2026,4,aj brown,A.J. Brown,WR,74.5,2026-09-30
2026,4,xavier hutchinson,Xavier Hutchinson,WR,74.4,2026-09-30
2026,4,tucker kraft,Tucker Kraft,TE,74.2,2026-09-30
2026,4,treylon burks,Treylon Burks,WR,73.9,2026-09-30
2026,4,travis kelce,Travis Kelce,TE,73.6,2026-09-30
2026,4,jordan addison,Jordan Addison,WR,73.5,2026-09-30
2026,4,rome odunze,Rome Odunze,WR,73.3,2026-09-30
2026,4,terry mclaurin,Terry McLaurin,WR,73.2,2026-09-30
2026,4,bo melton,Bo Melton,WR,73.2,2026-09-30
2026,4,tyler higbee,Tyler Higbee,TE,73.1,2026-09-30
2026,4,jordan watkins,Jordan Watkins,WR,73.0,2026-09-30
2026,4,roman wilson,Roman Wilson,WR,72.3,2026-09-30
2026,4,troy franklin,Troy Franklin,WR,72.1,2026-09-30
2026,4,pat freiermuth,Pat Freiermuth,TE,71.7,2026-09-30
2026,4,terrance ferguson,Terrance Ferguson,TE,71.6,2026-09-30
2026,4,pat bryant,Pat Bryant,WR,71.5,2026-09-30
2026,4,antonio williams,Antonio Williams,WR,71.5,2026-09-30
2026,4,jadarian price,Jadarian Price,RB,70.7,2026-09-30
2026,4,tj hockenson,T.J. Hockenson,TE,70.4,2026-09-30
2026,4,demario douglas,DeMario Douglas,WR,70.2,2026-09-30
2026,4,sam laporta,Sam LaPorta,TE,70.1,2026-09-30
2026,4,calvin ridley,Calvin Ridley,WR,70.0,2026-09-30
2026,4,andrei iosivas,Andrei Iosivas,WR,69.8,2026-09-30
2026,4,elic ayomanor,Elic Ayomanor,WR,69.7,2026-09-30
2026,4,jaylin noel,Jaylin Noel,WR,69.7,2026-09-30
2026,4,geno smith,Geno Smith,QB,69.7,2026-09-30
2026,4,isaiah likely,Isaiah Likely,TE,69.7,2026-09-30
2026,4,isaac teslaa,Isaac TeSlaa,WR,69.7,2026-09-30
2026,4,derrick henry,Derrick Henry,RB,69.2,2026-09-30
2026,4,dyami brown,Dyami Brown,WR,69.1,2026-09-30
2026,4,dandre swift,D'Andre Swift,RB,69.0,2026-09-30
2026,4,josh cameron,Josh Cameron,WR,68.5,2026-09-30
2026,4,dalton schultz,Dalton Schultz,TE,68.5,2026-09-30
2026,4,isaiah bond,Isaiah Bond,WR,68.5,2026-09-30
2026,4,omar cooper,Omar Cooper Jr.,WR,68.5,2026-09-30
2026,4,justin herbert,Justin Herbert,QB,68.5,2026-09-30
2026,4,jalen royals,Jalen Royals,WR,68.5,2026-09-30
2026,4,jahdae walker,Jahdae Walker,WR,68.5,2026-09-30
2026,4,bo nix,Bo Nix,QB,68.5,2026-09-30
2026,4,j michael sturdivant,J. Michael Sturdivant,WR,68.5,2026-09-30
2026,4,quentin johnston,Quentin Johnston,WR,68.3,2026-09-30
2026,4,chris bell,Chris Bell,WR,67.5,2026-09-30
2026,4,dohnte meyers,Dohnte Meyers,WR,67.4,2026-09-30
2026,4,kendrick bourne,Kendrick Bourne,WR,67.4,2026-09-30
2026,4,malik nabers,Malik Nabers,WR,67.3,2026-09-30
2026,4,deebo samuel,Deebo Samuel Sr.,WR,67.2,2026-09-30
2026,4,jerry jeudy,Jerry Jeudy,WR,67.2,2026-09-30
2026,4,skyy moore,Skyy Moore,WR,67.1,2026-09-30
2026,4,chris godwin,Chris Godwin Jr.,WR,67.0,2026-09-30
2026,4,darius cooper,Darius Cooper,WR,67.0,2026-09-30
2026,4,jacory croskey merritt,Jacory Croskey-Merritt,RB,66.8,2026-09-30
2026,4,juwan johnson,Juwan Johnson,TE,66.5,2026-09-30
2026,4,greg dulcich,Greg Dulcich,TE,66.4,2026-09-30
2026,4,gunnar helm,Gunnar Helm,TE,66.2,2026-09-30
2026,4,xavier worthy,Xavier Worthy,WR,65.9,2026-09-30
2026,4,konata mumpfield,Konata Mumpfield,WR,65.7,2026-09-30
2026,4,emeka egbuka,Emeka Egbuka,WR,65.5,2026-09-30
2026,4,jaylin lane,Jaylin Lane,WR,65.5,2026-09-30
2026,4,devontez walker,Devontez Walker,WR,65.5,2026-09-30
2026,4,malik washington,Malik Washington,WR,65.0,2026-09-30
2026,4,germie bernard,Germie Bernard,WR,64.9,2026-09-30
2026,4,kyle monangai,Kyle Monangai,RB,64.7,2026-09-30
2026,4,ollie gordon,Ollie Gordon II,RB,64.7,2026-09-30
2026,4,josh palmer,Josh Palmer,WR,64.5,2026-09-30
2026,4,cade otton,Cade Otton,TE,64.5,2026-09-30
2026,4,dk metcalf,DK Metcalf,WR,64.5,2026-09-30
2026,4,kyle williams,Kyle Williams,WR,64.5,2026-09-30
2026,4,quintin morris,Quintin Morris,TE,64.3,2026-09-30
2026,4,nate boerkircher,Nate Boerkircher,TE,64.3,2026-09-30
2026,4,malachi fields,Malachi Fields,WR,64.2,2026-09-30
2026,4,ryan flournoy,Ryan Flournoy,WR,63.7,2026-09-30
2026,4,jayden reed,Jayden Reed,WR,63.5,2026-09-30
2026,4,luther burden,Luther Burden III,WR,63.5,2026-09-30
2026,4,baker mayfield,Baker Mayfield,QB,63.1,2026-09-30
2026,4,ted hurst,Ted Hurst III,WR,62.9,2026-09-30
2026,4,jack bech,Jack Bech,WR,62.7,2026-09-30
2026,4,makai lemon,Makai Lemon,WR,62.7,2026-09-30
2026,4,brenen thompson,Brenen Thompson,WR,62.7,2026-09-30
2026,4,darnell washington,Darnell Washington,TE,62.6,2026-09-30
2026,4,ian thomas,Ian Thomas,TE,61.8,2026-09-30
2026,4,carnell tate,Carnell Tate,WR,61.5,2026-09-30
2026,4,courtland sutton,Courtland Sutton,WR,61.5,2026-09-30
2026,4,darren waller,Darren Waller,TE,61.3,2026-09-30
2026,4,travis etienne,Travis Etienne,RB,61.2,2026-09-30
2026,4,aj barner,AJ Barner,TE,61.1,2026-09-30
2026,4,andrew ogletree,Andrew Ogletree,TE,61.1,2026-09-30
2026,4,colby parkinson,Colby Parkinson,TE,61.0,2026-09-30
2026,4,kaelon black,Kaelon Black,RB,61.0,2026-09-30
2026,4,davis allen,Davis Allen,TE,61.0,2026-09-30
2026,4,jacoby brissett,Jacoby Brissett,QB,60.7,2026-09-30
2026,4,isaiah williams,Isaiah Williams,WR,60.7,2026-09-30
2026,4,rashid shaheed,Rashid Shaheed,WR,60.7,2026-09-30
2026,4,kenyon sadiq,Kenyon Sadiq,TE,60.2,2026-09-30
2026,4,tre harris,Tre Harris,WR,60.0,2026-09-30
2026,4,laquon treadwell,Laquon Treadwell,WR,60.0,2026-09-30
2026,4,dak prescott,Dak Prescott,QB,59.8,2026-09-30
2026,4,brock purdy,Brock Purdy,QB,59.6,2026-09-30
2026,4,patrick mahomes,Patrick Mahomes,QB,59.6,2026-09-30
2026,4,jonnu smith,Jonnu Smith,TE,59.5,2026-09-30
2026,4,jake ferguson,Jake Ferguson,TE,59.4,2026-09-30
2026,4,mo alie cox,Mo Alie-Cox,TE,59.4,2026-09-30
2026,4,kalif raymond,Kalif Raymond,WR,58.5,2026-09-30
2026,4,elijah higgins,Elijah Higgins,TE,58.5,2026-09-30
2026,4,tommy tremble,Tommy Tremble,TE,58.3,2026-09-30
2026,4,colston loveland,Colston Loveland,TE,58.0,2026-09-30
2026,4,mike gesicki,Mike Gesicki,TE,57.7,2026-09-30
2026,4,kc concepcion,KC Concepcion,WR,57.5,2026-09-30
2026,4,noah fant,Noah Fant,TE,57.5,2026-09-30
2026,4,xavier legette,Xavier Legette,WR,57.2,2026-09-30
2026,4,stefon diggs,Stefon Diggs,WR,57.0,2026-09-30
2026,4,bryce lance,Bryce Lance,WR,57.0,2026-09-30
2026,4,kendre miller,Kendre Miller,RB,56.9,2026-09-30
2026,4,blake whiteheart,Blake Whiteheart,TE,56.7,2026-09-30
2026,4,braelon allen,Braelon Allen,RB,56.6,2026-09-30
2026,4,kirk cousins,Kirk Cousins,QB,56.5,2026-09-30
2026,4,hunter long,Hunter Long,TE,55.6,2026-09-30
2026,4,zachariah branch,Zachariah Branch,WR,55.5,2026-09-30
2026,4,lajohntay wester,LaJohntay Wester,WR,55.5,2026-09-30
2026,4,keaton mitchell,Keaton Mitchell,RB,55.1,2026-09-30
2026,4,christian mccaffrey,Christian McCaffrey,RB,55.1,2026-09-30
2026,4,xavier smith,Xavier Smith,WR,55.0,2026-09-30
2026,4,chris blair,Chris Blair,WR,55.0,2026-09-30
2026,4,kevin austin,Kevin Austin Jr.,WR,55.0,2026-09-30
2026,4,jalen brooks,Jalen Brooks,WR,55.0,2026-09-30
2026,4,derius davis,Derius Davis,WR,55.0,2026-09-30
2026,4,jauan jennings,Jauan Jennings,WR,55.0,2026-09-30
2026,4,jordan mason,Jordan Mason,RB,54.8,2026-09-30
2026,4,jared goff,Jared Goff,QB,54.4,2026-09-30
2026,4,emmett johnson,Emmett Johnson,RB,54.4,2026-09-30
2026,4,saquon barkley,Saquon Barkley,RB,54.4,2026-09-30
2026,4,mike washington,Mike Washington Jr.,RB,53.6,2026-09-30
2026,4,jonah coleman,Jonah Coleman,RB,53.6,2026-09-30
2026,4,demarcus robinson,Demarcus Robinson,WR,53.2,2026-09-30
2026,4,corey kiner,Corey Kiner,RB,52.9,2026-09-30
2026,4,blake corum,Blake Corum,RB,52.7,2026-09-30
2026,4,jonathon brooks,Jonathon Brooks,RB,52.5,2026-09-30
2026,4,kaytron allen,Kaytron Allen,RB,52.5,2026-09-30
2026,4,daniel bellinger,Daniel Bellinger,TE,52.2,2026-09-30
2026,4,dylan sampson,Dylan Sampson,RB,52.1,2026-09-30
2026,4,robert tonyan,Robert Tonyan,TE,51.9,2026-09-30
2026,4,chuba hubbard,Chuba Hubbard,RB,51.9,2026-09-30
2026,4,cam ward,Cam Ward,QB,51.7,2026-09-30
2026,4,nicholas singleton,Nicholas Singleton,RB,51.4,2026-09-30
2026,4,jordan james,Jordan James,RB,51.4,2026-09-30
2026,4,kaleb johnson,Kaleb Johnson,RB,51.4,2026-09-30
2026,4,josh oliver,Josh Oliver,TE,51.2,2026-09-30
2026,4,cooper kupp,Cooper Kupp,WR,51.0,2026-09-30
2026,4,cole kmet,Cole Kmet,TE,50.9,2026-09-30
2026,4,joe burrow,Joe Burrow,QB,50.9,2026-09-30
2026,4,mitchell evans,Mitchell Evans,TE,50.9,2026-09-30
2026,4,noah gray,Noah Gray,TE,50.8,2026-09-30
2026,4,trevor lawrence,Trevor Lawrence,QB,50.5,2026-09-30
2026,4,matthew stafford,Matthew Stafford,QB,50.3,2026-09-30
2026,4,aaron jones,Aaron Jones,RB,50.2,2026-09-30
2026,4,tez johnson,Tez Johnson,WR,50.1,2026-09-30
2026,4,jeremy ruckert,Jeremy Ruckert,TE,50.1,2026-09-30
2026,4,evan engram,Evan Engram,TE,50.0,2026-09-30
2026,4,drew sample,Drew Sample,TE,49.8,2026-09-30
2026,4,tyler allgeier,Tyler Allgeier,RB,49.8,2026-09-30
2026,4,dawson knox,Dawson Knox,TE,49.8,2026-09-30
2026,4,jaylen warren,Jaylen Warren,RB,49.6,2026-09-30
2026,4,will shipley,Will Shipley,RB,49.2,2026-09-30
2026,4,sam roush,Sam Roush,TE,49.1,2026-09-30
2026,4,marshawn lloyd,MarShawn Lloyd,RB,49.0,2026-09-30
2026,4,matthew hibner,Matthew Hibner,TE,48.6,2026-09-30
2026,4,woody marks,Woody Marks,RB,48.3,2026-09-30
2026,4,luke farrell,Luke Farrell,TE,48.3,2026-09-30
2026,4,john bates,John Bates,TE,47.7,2026-09-30
2026,4,will kacmarek,Will Kacmarek,TE,47.6,2026-09-30
2026,4,jk dobbins,J.K. Dobbins,RB,47.4,2026-09-30
2026,4,isaiah davis,Isaiah Davis,RB,47.1,2026-09-30
2026,4,dallas goedert,Dallas Goedert,TE,47.0,2026-09-30
2026,4,seth mcgowan,Seth McGowan,RB,46.9,2026-09-30
2026,4,brevyn spann ford,Brevyn Spann-Ford,TE,46.8,2026-09-30
2026,4,chris rodriguez,Chris Rodriguez Jr.,RB,46.8,2026-09-30
2026,4,erick all,Erick All,TE,46.7,2026-09-30
2026,4,tanner hudson,Tanner Hudson,TE,46.7,2026-09-30
2026,4,david montgomery,David Montgomery,RB,46.6,2026-09-30
2026,4,jacob cowing,Jacob Cowing,WR,46.6,2026-09-30
2026,4,jalen mcmillan,Jalen McMillan,WR,46.6,2026-09-30
2026,4,jordan whittington,Jordan Whittington,WR,46.6,2026-09-30
2026,4,chris moore,Chris Moore,WR,46.5,2026-09-30
2026,4,durham smythe,Durham Smythe,TE,46.4,2026-09-30
2026,4,brock wright,Brock Wright,TE,46.4,2026-09-30
2026,4,chig okonkwo,Chig Okonkwo,TE,46.0,2026-09-30
2026,4,colson yankoff,Colson Yankoff,TE,46.0,2026-09-30
2026,4,eric saubert,Eric Saubert,TE,45.9,2026-09-30
2026,4,jaylen wright,Jaylen Wright,RB,45.8,2026-09-30
2026,4,demond claiborne,Demond Claiborne,RB,45.8,2026-09-30
2026,4,raheim sanders,Raheim Sanders,RB,45.5,2026-09-30
2026,4,jake briningstool,Jake Briningstool,TE,45.5,2026-09-30
2026,4,cj donaldson,CJ Donaldson,RB,45.5,2026-09-30
2026,4,hunter henry,Hunter Henry,TE,45.4,2026-09-30
2026,4,tyler goodson,Tyler Goodson,RB,45.3,2026-09-30
2026,4,luke schoonmaker,Luke Schoonmaker,TE,45.2,2026-09-30
2026,4,emanuel wilson,Emanuel Wilson,RB,45.2,2026-09-30
2026,4,kyle pitts,Kyle Pitts,TE,44.8,2026-09-30
2026,4,austin hooper,Austin Hooper,TE,44.8,2026-09-30
2026,4,frank gore,Frank Gore Jr.,RB,44.7,2026-09-30
2026,4,daniel jones,Daniel Jones,QB,44.6,2026-09-30
2026,4,david njoku,David Njoku,TE,44.5,2026-09-30
2026,4,nate adkins,Nate Adkins,TE,44.4,2026-09-30
2026,4,ben sinnott,Ben Sinnott,TE,44.3,2026-09-30
2026,4,josh cuevas,Josh Cuevas,TE,44.2,2026-09-30
2026,4,foster moreau,Foster Moreau,TE,44.2,2026-09-30
2026,4,jackson hawes,Jackson Hawes,TE,44.0,2026-09-30
2026,4,cj stroud,C.J. Stroud,QB,43.9,2026-09-30
2026,4,brian robinson,Brian Robinson,RB,43.7,2026-09-30
2026,4,lequint allen,LeQuint Allen Jr.,RB,43.5,2026-09-30
2026,4,oscar delp,Oscar Delp,TE,43.3,2026-09-30
2026,4,george holani,George Holani,RB,43.1,2026-09-30
2026,4,liljordan humphrey,Lil'Jordan Humphrey,WR,43.0,2026-09-30
2026,4,olamide zaccheaus,Olamide Zaccheaus,WR,43.0,2026-09-30
2026,4,ashton dulin,Ashton Dulin,WR,43.0,2026-09-30
2026,4,khadarel hodge,KhaDarel Hodge,WR,43.0,2026-09-30
2026,4,oronde gadsden,Oronde Gadsden II,TE,42.6,2026-09-30
2026,4,mack hollins,Mack Hollins,WR,42.6,2026-09-30
2026,4,elijah arroyo,Elijah Arroyo,TE,42.5,2026-09-30
2026,4,tank bigsby,Tank Bigsby,RB,42.4,2026-09-30
2026,4,rhamondre stevenson,Rhamondre Stevenson,RB,42.2,2026-09-30
2026,4,aaron rodgers,Aaron Rodgers,QB,42.2,2026-09-30
2026,4,mason taylor,Mason Taylor,TE,41.7,2026-09-30
2026,4,tyjae spears,Tyjae Spears,RB,41.6,2026-09-30
2026,4,zavion thomas,Zavion Thomas,WR,41.5,2026-09-30
2026,4,lewis bond,Lewis Bond,WR,41.5,2026-09-30
2026,4,jackson meeks,Jackson Meeks,WR,41.5,2026-09-30
2026,4,myles price,Myles Price,WR,41.5,2026-09-30
2026,4,efton chism,Efton Chism III,WR,41.5,2026-09-30
2026,4,malik benson,Malik Benson,WR,41.5,2026-09-30
2026,4,jakobi lane,Ja'Kobi Lane,WR,41.5,2026-09-30
2026,4,arian smith,Arian Smith,WR,41.5,2026-09-30
2026,4,colbie young,Colbie Young,WR,41.5,2026-09-30
2026,4,chimere dike,Chimere Dike,WR,41.5,2026-09-30
2026,4,kevin coleman,Kevin Coleman Jr.,WR,41.5,2026-09-30
2026,4,tai felton,Tai Felton,WR,41.5,2026-09-30
2026,4,jimmy horn,Jimmy Horn Jr.,WR,41.5,2026-09-30
2026,4,cyrus allen,Cyrus Allen,WR,41.5,2026-09-30
2026,4,johnny mundt,Johnny Mundt,TE,41.1,2026-09-30
2026,4,adam trautman,Adam Trautman,TE,40.7,2026-09-30
2026,4,kyler murray,Kyler Murray,QB,40.3,2026-09-30
2026,4,chris brooks,Chris Brooks,RB,40.1,2026-09-30
2026,4,tony pollard,Tony Pollard,RB,39.8,2026-09-30
2026,4,theo johnson,Theo Johnson,TE,39.4,2026-09-30
2026,4,sione vaki,Sione Vaki,RB,38.7,2026-09-30
2026,4,jelani woods,Jelani Woods,TE,38.3,2026-09-30
2026,4,rachaad white,Rachaad White,RB,37.8,2026-09-30
2026,4,rj harvey,RJ Harvey,RB,37.6,2026-09-30
2026,4,payne durham,Payne Durham,TE,37.5,2026-09-30
2026,4,zach ertz,Zach Ertz,TE,37.1,2026-09-30
2026,4,david moore,David Moore,WR,37.0,2026-09-30
2026,4,bam knight,Bam Knight,RB,36.4,2026-09-30
2026,4,keenan allen,Keenan Allen,WR,35.5,2026-09-30
2026,4,charlie kolar,Charlie Kolar,TE,34.8,2026-09-30
2026,4,cade stover,Cade Stover,TE,34.2,2026-09-30
2026,4,marlin klein,Marlin Klein,TE,34.2,2026-09-30
2026,4,tyrone tracy,Tyrone Tracy Jr.,RB,34.2,2026-09-30
2026,4,jaleel mclaughlin,Jaleel McLaughlin,RB,34.2,2026-09-30
2026,4,lew nichols,Lew Nichols III,RB,34.2,2026-09-30
2026,4,hunter luepke,Hunter Luepke,RB,34.2,2026-09-30
2026,4,tyler badie,Tyler Badie,RB,34.2,2026-09-30
2026,4,kenny gainwell,Kenny Gainwell,RB,34.2,2026-09-30
2026,4,charlie woerner,Charlie Woerner,TE,33.8,2026-09-30
2026,4,ray davis,Ray Davis,RB,33.1,2026-09-30
2026,4,kimani vidal,Kimani Vidal,RB,33.1,2026-09-30
2026,4,ronnie rivers,Ronnie Rivers,RB,32.6,2026-09-30
2026,4,alvin kamara,Alvin Kamara,RB,31.7,2026-09-30
2026,4,michael penix,Michael Penix Jr.,QB,31.1,2026-09-30
2026,4,eli raridon,Eli Raridon,TE,29.7,2026-09-30
2026,4,rico dowdle,Rico Dowdle,RB,28.4,2026-09-30
2026,4,emari demercado,Emari Demercado,RB,27.1,2026-09-30
2026,4,najee harris,Najee Harris,RB,26.1,2026-09-30
2026,4,marquez valdes scantling,Marquez Valdes-Scantling,WR,25.5,2026-09-30
2026,4,bryce young,Bryce Young,QB,25.2,2026-09-30
2026,4,jordan love,Jordan Love,QB,21.7,2026-09-30
2026,4,devin singletary,Devin Singletary,RB,21.7,2026-09-30
2026,4,justice hill,Justice Hill,RB,21.3,2026-09-30
2026,4,aj dillon,AJ Dillon,RB,20.6,2026-09-30
2026,4,sterling shepard,Sterling Shepard,WR,19.5,2026-09-30
2026,4,odell beckham,Odell Beckham Jr.,WR,19.5,2026-09-30
2026,4,sam darnold,Sam Darnold,QB,19.2,2026-09-30
2026,4,samaje perine,Samaje Perine,RB,19.1,2026-09-30
2026,4,ameer abdullah,Ameer Abdullah,RB,19.1,2026-09-30
2026,4,travis homer,Travis Homer,RB,15.0,2026-09-30
2026,4,deejay dallas,DeeJay Dallas,RB,13.9,2026-09-30
2026,4,andy dalton,Andy Dalton,QB,,2026-09-30
2026,4,case keenum,Case Keenum,QB,,2026-09-30
2026,4,jameis winston,Jameis Winston,QB,,2026-09-30
2026,4,marcus mariota,Marcus Mariota,QB,,2026-09-30
2026,4,carson wentz,Carson Wentz,QB,,2026-09-30
2026,4,nick mullens,Nick Mullens,QB,,2026-09-30
2026,4,patrick ricard,Patrick Ricard,RB,,2026-09-30
2026,4,cooper rush,Cooper Rush,QB,,2026-09-30
2026,4,braxton berrios,Braxton Berrios,WR,,2026-09-30
2026,4,mason rudolph,Mason Rudolph,QB,,2026-09-30
2026,4,greg dortch,Greg Dortch,WR,,2026-09-30
2026,4,ty johnson,Ty Johnson,RB,,2026-09-30
2026,4,tom kennedy,Tom Kennedy,WR,,2026-09-30
2026,4,marquise brown,Marquise Brown,WR,,2026-09-30
2026,4,drew lock,Drew Lock,QB,,2026-09-30
2026,4,reggie gilliam,Reggie Gilliam,RB,,2026-09-30
2026,4,devin duvernay,Devin Duvernay,WR,,2026-09-30
2026,4,tylan wallace,Tylan Wallace,WR,,2026-09-30
2026,4,simi fehoko,Simi Fehoko,WR,,2026-09-30
2026,4,feleipe franks,Feleipe Franks,TE,,2026-09-30
2026,4,mac jones,Mac Jones,QB,,2026-09-30
2026,4,britain covey,Britain Covey,WR,,2026-09-30
2026,4,ko kieft,Ko Kieft,TE,,2026-09-30
2026,4,nick muse,Nick Muse,TE,,2026-09-30
2026,4,kaden davis,Kaden Davis,WR,,2026-09-30
2026,4,tay martin,Tay Martin,WR,,2026-09-30
2026,4,julius chestnut,Julius Chestnut,RB,,2026-09-30
2026,4,kenny pickett,Kenny Pickett,QB,,2026-09-30
2026,4,tyson bagent,Tyson Bagent,QB,,2026-09-30
2026,4,tommy devito,Tommy DeVito,QB,,2026-09-30
2026,4,brady russell,Brady Russell,RB,,2026-09-30
2026,4,ben vansumeren,Ben VanSumeren,RB,,2026-09-30
2026,4,ej jenkins,E.J. Jenkins,TE,,2026-09-30
2026,4,nikko remigio,Nikko Remigio,WR,,2026-09-30
2026,4,cameron latu,Cameron Latu,TE,,2026-09-30
2026,4,brayden willis,Brayden Willis,TE,,2026-09-30
2026,4,jalen cropper,Jalen Cropper,WR,,2026-09-30
2026,4,jacob saylors,Jacob Saylors,RB,,2026-09-30
2026,4,marvin mims,Marvin Mims Jr.,WR,,2026-09-30
2026,4,roschon johnson,Roschon Johnson,RB,,2026-09-30
2026,4,stetson bennett,Stetson Bennett,QB,,2026-09-30
2026,4,luke mccaffrey,Luke McCaffrey,WR,,2026-09-30
2026,4,dylan laube,Dylan Laube,RB,,2026-09-30
2026,4,hayden rucci,Hayden Rucci,TE,,2026-09-30
2026,4,treyton welch,Treyton Welch,TE,,2026-09-30
2026,4,kameron johnson,Kameron Johnson,WR,,2026-09-30
2026,4,british brooks,British Brooks,RB,,2026-09-30
2026,4,rasheen ali,Rasheen Ali,RB,,2026-09-30
2026,4,anthony gould,Anthony Gould,WR,,2026-09-30
2026,4,malachi corley,Malachi Corley,WR,,2026-09-30
2026,4,brashard smith,Brashard Smith,RB,,2026-09-30
2026,4,tahj brooks,Tahj Brooks,RB,,2026-09-30
2026,4,keleki latu,Keleki Latu,TE,,2026-09-30
2026,4,anthony tyus,Anthony Tyus III,RB,,2026-09-30
2026,4,jamaal pritchett,Jamaal Pritchett,WR,,2026-09-30
2026,4,josh williams,Josh Williams,RB,,2026-09-30
2026,4,keshawn williams,Ke'Shawn Williams,WR,,2026-09-30
2026,4,lan larison,Lan Larison,RB,,2026-09-30
2026,4,montorie foster,Montorie Foster Jr,WR,,2026-09-30
2026,4,shedeur sanders,Shedeur Sanders,QB,,2026-09-30
2026,4,max bredeson,Max Bredeson,RB,,2026-09-30
2026,4,bauer sharp,Bauer Sharp,TE,,2026-09-30
2026,4,barion brown,Barion Brown,WR,,2026-09-30
2026,4,carsen ryan,Carsen Ryan,TE,,2026-09-30
2026,4,deion burks,Deion Burks,WR,,2026-09-30
2026,4,jack strand,Jack Strand,QB,,2026-09-30
2026,4,jalon daniels,Jalon Daniels,QB,,2026-09-30
2026,4,malik mcclain,Malik McClain,WR,,2026-09-30
2026,4,kolbe katsis,Kolbe Katsis,WR,,2026-09-30
2026,4,kaden wetjen,Kaden Wetjen,WR,,2026-09-30
2026,4,dean connors,Dean Connors,RB,,2026-09-30
2026,4,dj herman,DJ Herman,RB,,2026-09-30
2026,4,eli heidenreich,Eli Heidenreich,RB,,2026-09-30
