season,week,team,p_playoffs,p_bye,p_title,snapshot_date
2026,2,BillsMafia,0.9931666667,0.743,0.2170208333,2026-09-24
2026,2,Don R.I.C.O,0.992,0.78,0.2215,2026-09-24
2026,2,Heartbreak Drake,0.902,0.1755,0.1346875,2026-09-24
2026,2,Crabcakes and Football,0.8441666667,0.1351666667,0.1224166667,2026-09-24
2026,2,Revenge of the Smith,0.758,0.0806666667,0.1048333333,2026-09-24
2026,2,TaylorMade,0.6623333333,0.0518333333,0.0892708333,2026-09-24
2026,2,deez nuts,0.5018333333,0.026,0.0659791667,2026-09-24
2026,2,A Place in the Hampton,0.2441666667,0.0068333333,0.031375,2026-09-24
2026,2,Undisputed,0.0576666667,0.001,0.0073333333,2026-09-24
2026,2,Barkley’s Balls Deep,0.038,0.0,0.00475,2026-09-24
2026,2,L'Omar,0.0061666667,0.0,0.0007708333,2026-09-24
2026,2,Burrow-Chase combo,0.0005,0.0,6.25e-05,2026-09-24
2026,3,BillsMafia,0.9723333333,0.6648333333,0.2046458333,2026-10-01
2026,3,Don R.I.C.O,0.9576666667,0.6178333333,0.1969375,2026-10-01
2026,3,deez nuts,0.7985,0.2175,0.127,2026-10-01
2026,3,Crabcakes and Football,0.7228333333,0.1753333333,0.1122708333,2026-10-01
2026,3,TaylorMade,0.6538333333,0.125,0.0973541667,2026-10-01
2026,3,Saquon Enjoyer,0.5428333333,0.0795,0.0777916667,2026-10-01
2026,3,Heartbreak Drake,0.485,0.0523333333,0.0671666667,2026-10-01
2026,3,Undisputed,0.3771666667,0.0346666667,0.0514791667,2026-10-01
2026,3,Revenge of the Smith,0.3178333333,0.0275,0.0431666667,2026-10-01
2026,3,Allen Moore connection,0.0888333333,0.0031666667,0.0115,2026-10-01
2026,3,L'Omar,0.058,0.002,0.0075,2026-10-01
2026,3,Burrow-Chase combo,0.0251666667,0.0003333333,0.0031875,2026-10-01
2026,4,Don R.I.C.O,0.949,0.6041666667,0.1941458333,2026-10-06
2026,4,BillsMafia,0.92,0.4955,0.1769375,2026-10-06
2026,4,Crabcakes and Football,0.8545,0.3405,0.149375,2026-10-06
2026,4,Heartbreak Drake,0.7856666667,0.2278333333,0.1266875,2026-10-06
2026,4,deez nuts,0.619,0.1198333333,0.0923541667,2026-10-06
2026,4,Undisputed,0.5646666667,0.0916666667,0.0820416667,2026-10-06
2026,4,TaylorMade,0.4828333333,0.0621666667,0.068125,2026-10-06
2026,4,Revenge of the Smith,0.2871666667,0.0271666667,0.0392916667,2026-10-06
2026,4,Saquon Hater,0.2871666667,0.0195,0.0383333333,2026-10-06
2026,4,L'Omar,0.2115,0.0105,0.02775,2026-10-06
2026,4,Allen Moore connection,0.0283333333,0.0011666667,0.0036875,2026-10-06
2026,4,Burrow-Chase combo,0.0101666667,0.0,0.0012708333,2026-10-06
