season,week,norm,player,pos,value,snapshot_date
2026,3,josh allen,Josh Allen,QB,6787.0,2026-09-25
2026,3,ashton jeanty,Ashton Jeanty,RB,6761.0,2026-09-25
2026,3,trey mcbride,Trey McBride,TE,5949.0,2026-09-25
2026,3,jaxon smith njigba,Jaxon Smith-Njigba,WR,9659.0,2026-09-25
2026,3,chris olave,Chris Olave,WR,5766.0,2026-09-25
2026,3,chuba hubbard,Chuba Hubbard,RB,3010.0,2026-09-25
2026,3,patrick mahomes,Patrick Mahomes,QB,2144.0,2026-09-25
2026,3,dalton kincaid,Dalton Kincaid,TE,2518.0,2026-09-25
2026,3,parker washington,Parker Washington,WR,3240.0,2026-09-25
2026,3,kenneth walker,Kenneth Walker III,RB,8826.0,2026-09-25
2026,3,christian watson,Christian Watson,WR,3133.0,2026-09-25
2026,3,jalen coker,Jalen Coker,WR,1819.0,2026-09-25
2026,3,davante adams,Davante Adams,WR,3066.0,2026-09-25
2026,3,travis kelce,Travis Kelce,TE,1750.0,2026-09-25
2026,3,denzel boston,Denzel Boston,WR,1179.0,2026-09-25
2026,3,brock purdy,Brock Purdy,QB,2216.0,2026-09-25
2026,3,jared goff,Jared Goff,QB,1246.0,2026-09-25
2026,3,tyler shough,Tyler Shough,QB,1117.0,2026-09-25
2026,3,george kittle,George Kittle,TE,1715.0,2026-09-25
2026,3,josh jacobs,Josh Jacobs,RB,1657.0,2026-09-25
2026,3,treveyon henderson,TreVeyon Henderson,RB,2462.0,2026-09-25
2026,3,jordan love,Jordan Love,QB,939.0,2026-09-25
2026,3,garrett wilson,Garrett Wilson,WR,3846.0,2026-09-25
2026,3,jonah coleman,Jonah Coleman,RB,740.0,2026-09-25
2026,3,bucky irving,Bucky Irving,RB,3707.0,2026-09-25
2026,3,dandre swift,D'Andre Swift,RB,3876.0,2026-09-25
2026,3,deebo samuel,Deebo Samuel Sr.,WR,896.0,2026-09-25
2026,3,derrick henry,Derrick Henry,RB,7378.0,2026-09-25
2026,3,breece hall,Breece Hall,RB,4486.0,2026-09-25
2026,3,juwan johnson,Juwan Johnson,TE,603.0,2026-09-25
2026,3,matthew golden,Matthew Golden,WR,1153.0,2026-09-25
2026,3,matthew stafford,Matthew Stafford,QB,941.0,2026-09-25
2026,3,aaron jones,Aaron Jones Sr.,RB,1197.0,2026-09-25
2026,3,tre tucker,Tre Tucker,WR,502.0,2026-09-25
2026,3,dak prescott,Dak Prescott,QB,1657.0,2026-09-25
2026,3,jake ferguson,Jake Ferguson,TE,693.0,2026-09-25
2026,3,devonta smith,DeVonta Smith,WR,4314.0,2026-09-25
2026,3,jordyn tyson,Jordyn Tyson,WR,569.0,2026-09-25
2026,3,kaelon black,Kaelon Black,RB,399.0,2026-09-25
2026,3,oronde gadsden,Oronde Gadsden,TE,364.0,2026-09-25
2026,3,david montgomery,David Montgomery,RB,3229.0,2026-09-25
2026,3,isaiah likely,Isaiah Likely,TE,1003.0,2026-09-25
2026,3,zay flowers,Zay Flowers,WR,4454.0,2026-09-25
2026,3,alvin kamara,Alvin Kamara,RB,425.0,2026-09-25
2026,3,justin jefferson,Justin Jefferson,WR,7090.0,2026-09-25
2026,3,jaylen warren,Jaylen Warren,RB,1545.0,2026-09-25
2026,3,mark andrews,Mark Andrews,TE,676.0,2026-09-25
2026,3,kyle monangai,Kyle Monangai,RB,888.0,2026-09-25
2026,3,zach charbonnet,Zach Charbonnet,RB,270.0,2026-09-25
2026,3,brock bowers,Brock Bowers,TE,4581.0,2026-09-25
2026,3,trevor lawrence,Trevor Lawrence,QB,1371.0,2026-09-25
2026,3,tank bigsby,Tank Bigsby,RB,295.0,2026-09-25
2026,3,ceedee lamb,CeeDee Lamb,WR,7472.0,2026-09-25
2026,3,jeremiyah love,Jeremiyah Love,RB,3946.0,2026-09-25
2026,3,hunter henry,Hunter Henry,TE,238.0,2026-09-25
2026,3,jakobi meyers,Jakobi Meyers,WR,270.0,2026-09-25
2026,3,rachaad white,Rachaad White,RB,610.0,2026-09-25
2026,3,tetairoa mcmillan,Tetairoa McMillan,WR,3109.0,2026-09-25
2026,3,michael wilson,Michael Wilson,WR,834.0,2026-09-25
2026,3,khalil shakir,Khalil Shakir,WR,427.0,2026-09-25
2026,3,dallas goedert,Dallas Goedert,TE,427.0,2026-09-25
2026,3,jalen hurts,Jalen Hurts,QB,2280.0,2026-09-25
2026,3,jaylen waddle,Jaylen Waddle,WR,3266.0,2026-09-25
2026,3,kayshon boutte,Kayshon Boutte,WR,119.0,2026-09-25
2026,3,bijan robinson,Bijan Robinson,RB,9778.0,2026-09-25
2026,3,amon ra st brown,Amon-Ra St. Brown,WR,8866.0,2026-09-25
2026,3,rashid shaheed,Rashid Shaheed,WR,111.0,2026-09-25
2026,3,kyler murray,Kyler Murray,QB,496.0,2026-09-25
2026,3,javonte williams,Javonte Williams,RB,4659.0,2026-09-25
2026,3,xavier worthy,Xavier Worthy,WR,488.0,2026-09-25
2026,3,tyler warren,Tyler Warren,TE,2325.0,2026-09-25
2026,3,jacory croskey merritt,Jacory Croskey-Merritt,RB,774.0,2026-09-25
2026,3,bo nix,Bo Nix,QB,636.0,2026-09-25
2026,3,romeo doubs,Romeo Doubs,WR,432.0,2026-09-25
2026,3,ravens,Ravens,DEF,,2026-09-25
2026,3,steelers,Steelers,DEF,,2026-09-25
2026,3,cairo santos,Cairo Santos,K,,2026-09-25
2026,3,ers,49ers,DEF,,2026-09-25
2026,3,andy borregales,Andy Borregales,K,,2026-09-25
2026,3,jalen mcmillan,Jalen McMillan,WR,,2026-09-25
2026,3,ray davis,Ray Davis,RB,,2026-09-25
2026,3,jakobi lane,Ja'Kobi Lane,WR,,2026-09-25
2026,3,james conner,James Conner,RB,,2026-09-25
2026,3,justice hill,Justice Hill,RB,,2026-09-25
2026,3,jake bates,Jake Bates,K,,2026-09-25
2026,3,will reichard,Will Reichard,K,,2026-09-25
2026,3,harrison mevis,Harrison Mevis,K,,2026-09-25
2026,3,tyler loop,Tyler Loop,K,,2026-09-25
2026,3,patriots,Patriots,DEF,,2026-09-25
2026,3,cooper kupp,Cooper Kupp,WR,,2026-09-25
2026,3,cam little,Cam Little,K,,2026-09-25
2026,3,vikings,Vikings,DEF,,2026-09-25
2026,3,jahmyr gibbs,Jahmyr Gibbs,RB,10271.0,2026-09-25
2026,3,christian mccaffrey,Christian McCaffrey,RB,8373.0,2026-09-25
2026,3,caleb williams,Caleb Williams,QB,1518.0,2026-09-25
2026,3,drake london,Drake London,WR,4478.0,2026-09-25
2026,3,dj moore,DJ Moore,WR,2268.0,2026-09-25
2026,3,tyler allgeier,Tyler Allgeier,RB,222.0,2026-09-25
2026,3,blake corum,Blake Corum,RB,1069.0,2026-09-25
2026,3,cam skattebo,Cam Skattebo,RB,2986.0,2026-09-25
2026,3,stefon diggs,Stefon Diggs,WR,1223.0,2026-09-25
2026,3,kyle pitts,Kyle Pitts Sr.,TE,665.0,2026-09-25
2026,3,jason myers,Jason Myers,K,,2026-09-25
2026,3,eagles,Eagles,DEF,,2026-09-25
2026,3,najee harris,Najee Harris,RB,,2026-09-25
2026,3,drake maye,Drake Maye,QB,1440.0,2026-09-25
2026,3,brian robinson,Brian Robinson,RB,85.0,2026-09-25
2026,3,woody marks,Woody Marks,RB,352.0,2026-09-25
2026,3,jaxson dart,Jaxson Dart,QB,,2026-09-25
2026,3,mike evans,Mike Evans,WR,1848.0,2026-09-25
2026,3,joe burrow,Joe Burrow,QB,2195.0,2026-09-25
2026,3,bhayshul tuten,Bhayshul Tuten,RB,2350.0,2026-09-25
2026,3,seahawks,Seahawks,DEF,,2026-09-25
2026,3,keaton mitchell,Keaton Mitchell,RB,52.0,2026-09-25
2026,3,dk metcalf,DK Metcalf,WR,1092.0,2026-09-25
2026,3,tyjae spears,Tyjae Spears,RB,173.0,2026-09-25
2026,3,brian thomas,Brian Thomas Jr.,WR,668.0,2026-09-25
2026,3,sam laporta,Sam LaPorta,TE,2028.0,2026-09-25
2026,3,chris godwin,Chris Godwin Jr.,WR,696.0,2026-09-25
2026,3,chris rodriguez,Chris Rodriguez Jr.,RB,63.0,2026-09-25
2026,3,broncos,Broncos,DEF,,2026-09-25
2026,3,tucker kraft,Tucker Kraft,TE,1516.0,2026-09-25
2026,3,rj harvey,RJ Harvey,RB,720.0,2026-09-25
2026,3,rico dowdle,Rico Dowdle,RB,842.0,2026-09-25
2026,3,jonathan taylor,Jonathan Taylor,RB,8752.0,2026-09-25
2026,3,michael pittman,Michael Pittman Jr.,WR,463.0,2026-09-25
2026,3,tee higgins,Tee Higgins,WR,2925.0,2026-09-25
2026,3,courtland sutton,Courtland Sutton,WR,533.0,2026-09-25
2026,3,george pickens,George Pickens,WR,4120.0,2026-09-25
2026,3,ladd mcconkey,Ladd McConkey,WR,2870.0,2026-09-25
2026,3,mike washington,Mike Washington Jr.,RB,129.0,2026-09-25
2026,3,jordan addison,Jordan Addison,WR,479.0,2026-09-25
2026,3,kaimi fairbairn,Ka'imi Fairbairn,K,,2026-09-25
2026,3,josh downs,Josh Downs,WR,1074.0,2026-09-25
2026,3,jadarian price,Jadarian Price,RB,1835.0,2026-09-25
2026,3,alec pierce,Alec Pierce,WR,310.0,2026-09-25
2026,3,wandale robinson,Wan'Dale Robinson,WR,198.0,2026-09-25
2026,3,texans,Texans,DEF,,2026-09-25
2026,3,tony pollard,Tony Pollard,RB,797.0,2026-09-25
2026,3,kc concepcion,KC Concepcion,WR,464.0,2026-09-25
2026,3,jk dobbins,J.K. Dobbins,RB,567.0,2026-09-25
2026,3,justin herbert,Justin Herbert,QB,1278.0,2026-09-25
2026,3,dezhaun stribling,De'Zhaun Stribling,WR,50.0,2026-09-25
2026,3,kenny gainwell,Kenny Gainwell,RB,281.0,2026-09-25
2026,3,kyren williams,Kyren Williams,RB,4200.0,2026-09-25
2026,3,isiah pacheco,Isiah Pacheco,RB,,2026-09-25
2026,3,cameron dicker,Cameron Dicker,K,,2026-09-25
2026,3,rams,Rams,DEF,,2026-09-25
2026,3,makai lemon,Makai Lemon,WR,267.0,2026-09-25
2026,3,brandon aubrey,Brandon Aubrey,K,,2026-09-25
2026,3,harold fannin,Harold Fannin Jr.,TE,607.0,2026-09-25
2026,3,jayden reed,Jayden Reed,WR,99.0,2026-09-25
2026,3,jordan mason,Jordan Mason,RB,385.0,2026-09-25
2026,3,quinshon judkins,Quinshon Judkins,RB,1739.0,2026-09-25
2026,3,james cook,James Cook III,RB,7230.0,2026-09-25
2026,3,jamarr chase,Ja'Marr Chase,WR,9076.0,2026-09-25
2026,3,rhamondre stevenson,Rhamondre Stevenson,RB,1143.0,2026-09-25
2026,3,jameson williams,Jameson Williams,WR,1313.0,2026-09-25
2026,3,devon achane,De'Von Achane,RB,5551.0,2026-09-25
2026,3,omarion hampton,Omarion Hampton,RB,5007.0,2026-09-25
2026,3,jayden daniels,Jayden Daniels,QB,429.0,2026-09-25
2026,3,emeka egbuka,Emeka Egbuka,WR,2296.0,2026-09-25
2026,3,chase brown,Chase Brown,RB,6273.0,2026-09-25
2026,3,quentin johnston,Quentin Johnston,WR,405.0,2026-09-25
2026,3,nico collins,Nico Collins,WR,4100.0,2026-09-25
2026,3,marshawn lloyd,MarShawn Lloyd,RB,464.0,2026-09-25
2026,3,carnell tate,Carnell Tate,WR,731.0,2026-09-25
2026,3,marvin harrison,Marvin Harrison Jr.,WR,660.0,2026-09-25
2026,3,puka nacua,Puka Nacua,WR,7805.0,2026-09-25
2026,3,jonathon brooks,Jonathon Brooks,RB,109.0,2026-09-25
2026,3,rome odunze,Rome Odunze,WR,1030.0,2026-09-25
2026,3,rashee rice,Rashee Rice,WR,2726.0,2026-09-25
2026,3,luther burden,Luther Burden III,WR,1227.0,2026-09-25
2026,3,terry mclaurin,Terry McLaurin,WR,978.0,2026-09-25
2026,3,colston loveland,Colston Loveland,TE,1298.0,2026-09-25
2026,3,lamar jackson,Lamar Jackson,QB,3676.0,2026-09-25
2026,3,malik nabers,Malik Nabers,WR,3595.0,2026-09-25
2026,3,travis etienne,Travis Etienne Jr.,RB,1985.0,2026-09-25
2026,3,aj brown,A.J. Brown,WR,2307.0,2026-09-25
2026,3,saquon barkley,Saquon Barkley,RB,5214.0,2026-09-25
2026,4,chuba hubbard,Chuba Hubbard,RB,3661.0,2026-09-30
2026,4,jaxon smith njigba,Jaxon Smith-Njigba,WR,9914.0,2026-09-30
2026,4,ashton jeanty,Ashton Jeanty,RB,6365.0,2026-09-30
2026,4,chris olave,Chris Olave,WR,5829.0,2026-09-30
2026,4,trey mcbride,Trey McBride,TE,5729.0,2026-09-30
2026,4,josh allen,Josh Allen,QB,6017.0,2026-09-30
2026,4,christian watson,Christian Watson,WR,3598.0,2026-09-30
2026,4,davante adams,Davante Adams,WR,3464.0,2026-09-30
2026,4,george kittle,George Kittle,TE,2325.0,2026-09-30
2026,4,patrick mahomes,Patrick Mahomes,QB,1988.0,2026-09-30
2026,4,parker washington,Parker Washington,WR,3314.0,2026-09-30
2026,4,garrett wilson,Garrett Wilson,WR,4447.0,2026-09-30
2026,4,jeremiyah love,Jeremiyah Love,RB,5165.0,2026-09-30
2026,4,brock bowers,Brock Bowers,TE,6013.0,2026-09-30
2026,4,kenneth walker,Kenneth Walker III,RB,8933.0,2026-09-30
2026,4,derrick henry,Derrick Henry,RB,7543.0,2026-09-30
2026,4,michael wilson,Michael Wilson,WR,1915.0,2026-09-30
2026,4,tyler shough,Tyler Shough,QB,1354.0,2026-09-30
2026,4,jaylen warren,Jaylen Warren,RB,2489.0,2026-09-30
2026,4,dalton kincaid,Dalton Kincaid,TE,1995.0,2026-09-30
2026,4,matthew golden,Matthew Golden,WR,1716.0,2026-09-30
2026,4,brock purdy,Brock Purdy,QB,2155.0,2026-09-30
2026,4,travis kelce,Travis Kelce,TE,1600.0,2026-09-30
2026,4,jared goff,Jared Goff,QB,1151.0,2026-09-30
2026,4,aaron jones,Aaron Jones Sr.,RB,1605.0,2026-09-30
2026,4,juwan johnson,Juwan Johnson,TE,951.0,2026-09-30
2026,4,jalen coker,Jalen Coker,WR,1345.0,2026-09-30
2026,4,jakobi meyers,Jakobi Meyers,WR,851.0,2026-09-30
2026,4,deebo samuel,Deebo Samuel Sr.,WR,1047.0,2026-09-30
2026,4,denzel boston,Denzel Boston,WR,770.0,2026-09-30
2026,4,drake london,Drake London,WR,5331.0,2026-09-30
2026,4,bucky irving,Bucky Irving,RB,3193.0,2026-09-30
2026,4,jordyn tyson,Jordyn Tyson,WR,709.0,2026-09-30
2026,4,zay flowers,Zay Flowers,WR,4616.0,2026-09-30
2026,4,zach charbonnet,Zach Charbonnet,RB,619.0,2026-09-30
2026,4,trevor lawrence,Trevor Lawrence,QB,1631.0,2026-09-30
2026,4,matthew stafford,Matthew Stafford,QB,1012.0,2026-09-30
2026,4,josh jacobs,Josh Jacobs,RB,1175.0,2026-09-30
2026,4,dandre swift,D'Andre Swift,RB,3762.0,2026-09-30
2026,4,jordan love,Jordan Love,QB,492.0,2026-09-30
2026,4,dak prescott,Dak Prescott,QB,1566.0,2026-09-30
2026,4,jake ferguson,Jake Ferguson,TE,658.0,2026-09-30
2026,4,ceedee lamb,CeeDee Lamb,WR,7625.0,2026-09-30
2026,4,alvin kamara,Alvin Kamara,RB,580.0,2026-09-30
2026,4,tre tucker,Tre Tucker,WR,439.0,2026-09-30
2026,4,bo nix,Bo Nix,QB,873.0,2026-09-30
2026,4,dj moore,DJ Moore,WR,2521.0,2026-09-30
2026,4,cam skattebo,Cam Skattebo,RB,2978.0,2026-09-30
2026,4,devonta smith,DeVonta Smith,WR,4009.0,2026-09-30
2026,4,kaelon black,Kaelon Black,RB,338.0,2026-09-30
2026,4,rachaad white,Rachaad White,RB,707.0,2026-09-30
2026,4,treveyon henderson,TreVeyon Henderson,RB,1799.0,2026-09-30
2026,4,bhayshul tuten,Bhayshul Tuten,RB,2616.0,2026-09-30
2026,4,bijan robinson,Bijan Robinson,RB,10143.0,2026-09-30
2026,4,tyler warren,Tyler Warren,TE,2189.0,2026-09-30
2026,4,tank bigsby,Tank Bigsby,RB,175.0,2026-09-30
2026,4,oronde gadsden,Oronde Gadsden,TE,173.0,2026-09-30
2026,4,jonah coleman,Jonah Coleman,RB,172.0,2026-09-30
2026,4,mark andrews,Mark Andrews,TE,501.0,2026-09-30
2026,4,hunter henry,Hunter Henry,TE,152.0,2026-09-30
2026,4,dallas goedert,Dallas Goedert,TE,362.0,2026-09-30
2026,4,kyle monangai,Kyle Monangai,RB,655.0,2026-09-30
2026,4,amon ra st brown,Amon-Ra St. Brown,WR,8415.0,2026-09-30
2026,4,breece hall,Breece Hall,RB,3872.0,2026-09-30
2026,4,justin jefferson,Justin Jefferson,WR,6465.0,2026-09-30
2026,4,khalil shakir,Khalil Shakir,WR,285.0,2026-09-30
2026,4,rashid shaheed,Rashid Shaheed,WR,63.0,2026-09-30
2026,4,christian mccaffrey,Christian McCaffrey,RB,8279.0,2026-09-30
2026,4,tyler allgeier,Tyler Allgeier,RB,220.0,2026-09-30
2026,4,kayshon boutte,Kayshon Boutte,WR,41.0,2026-09-30
2026,4,kyler murray,Kyler Murray,QB,396.0,2026-09-30
2026,4,brian robinson,Brian Robinson,RB,204.0,2026-09-30
2026,4,keaton mitchell,Keaton Mitchell,RB,203.0,2026-09-30
2026,4,tetairoa mcmillan,Tetairoa McMillan,WR,2534.0,2026-09-30
2026,4,jakobi lane,Ja'Kobi Lane,WR,4.0,2026-09-30
2026,4,ravens,Ravens,DEF,,2026-09-30
2026,4,cairo santos,Cairo Santos,K,,2026-09-30
2026,4,ers,49ers,DEF,,2026-09-30
2026,4,cam little,Cam Little,K,,2026-09-30
2026,4,patriots,Patriots,DEF,,2026-09-30
2026,4,andy borregales,Andy Borregales,K,,2026-09-30
2026,4,jalen mcmillan,Jalen McMillan,WR,,2026-09-30
2026,4,jake bates,Jake Bates,K,,2026-09-30
2026,4,woody marks,Woody Marks,RB,469.0,2026-09-30
2026,4,ray davis,Ray Davis,RB,,2026-09-30
2026,4,tyler loop,Tyler Loop,K,,2026-09-30
2026,4,romeo doubs,Romeo Doubs,WR,409.0,2026-09-30
2026,4,james conner,James Conner,RB,,2026-09-30
2026,4,harrison mevis,Harrison Mevis,K,,2026-09-30
2026,4,steelers,Steelers,DEF,,2026-09-30
2026,4,will reichard,Will Reichard,K,,2026-09-30
2026,4,justice hill,Justice Hill,RB,,2026-09-30
2026,4,vikings,Vikings,DEF,,2026-09-30
2026,4,cooper kupp,Cooper Kupp,WR,,2026-09-30
2026,4,jahmyr gibbs,Jahmyr Gibbs,RB,10819.0,2026-09-30
2026,4,kyren williams,Kyren Williams,RB,4967.0,2026-09-30
2026,4,joe burrow,Joe Burrow,QB,2207.0,2026-09-30
2026,4,wandale robinson,Wan'Dale Robinson,WR,493.0,2026-09-30
2026,4,xavier worthy,Xavier Worthy,WR,392.0,2026-09-30
2026,4,jason myers,Jason Myers,K,,2026-09-30
2026,4,eagles,Eagles,DEF,,2026-09-30
2026,4,najee harris,Najee Harris,RB,,2026-09-30
2026,4,isaiah likely,Isaiah Likely,TE,518.0,2026-09-30
2026,4,jordan addison,Jordan Addison,WR,718.0,2026-09-30
2026,4,caleb williams,Caleb Williams,QB,1464.0,2026-09-30
2026,4,jalen hurts,Jalen Hurts,QB,1732.0,2026-09-30
2026,4,jacory croskey merritt,Jacory Croskey-Merritt,RB,632.0,2026-09-30
2026,4,tee higgins,Tee Higgins,WR,3230.0,2026-09-30
2026,4,david montgomery,David Montgomery,RB,2376.0,2026-09-30
2026,4,mike evans,Mike Evans,WR,1647.0,2026-09-30
2026,4,harold fannin,Harold Fannin Jr.,TE,896.0,2026-09-30
2026,4,chris rodriguez,Chris Rodriguez Jr.,RB,134.0,2026-09-30
2026,4,jaxson dart,Jaxson Dart,QB,,2026-09-30
2026,4,javonte williams,Javonte Williams,RB,4619.0,2026-09-30
2026,4,josh downs,Josh Downs,WR,1198.0,2026-09-30
2026,4,rj harvey,RJ Harvey,RB,785.0,2026-09-30
2026,4,kyle pitts,Kyle Pitts Sr.,TE,496.0,2026-09-30
2026,4,seahawks,Seahawks,DEF,,2026-09-30
2026,4,tony pollard,Tony Pollard,RB,955.0,2026-09-30
2026,4,broncos,Broncos,DEF,,2026-09-30
2026,4,stefon diggs,Stefon Diggs,WR,936.0,2026-09-30
2026,4,courtland sutton,Courtland Sutton,WR,537.0,2026-09-30
2026,4,tyjae spears,Tyjae Spears,RB,89.0,2026-09-30
2026,4,mike washington,Mike Washington Jr.,RB,172.0,2026-09-30
2026,4,michael pittman,Michael Pittman Jr.,WR,411.0,2026-09-30
2026,4,kaimi fairbairn,Ka'imi Fairbairn,K,,2026-09-30
2026,4,jk dobbins,J.K. Dobbins,RB,558.0,2026-09-30
2026,4,brian thomas,Brian Thomas Jr.,WR,491.0,2026-09-30
2026,4,kc concepcion,KC Concepcion,WR,458.0,2026-09-30
2026,4,texans,Texans,DEF,,2026-09-30
2026,4,blake corum,Blake Corum,RB,615.0,2026-09-30
2026,4,quinshon judkins,Quinshon Judkins,RB,1753.0,2026-09-30
2026,4,dk metcalf,DK Metcalf,WR,830.0,2026-09-30
2026,4,chris godwin,Chris Godwin Jr.,WR,484.0,2026-09-30
2026,4,makai lemon,Makai Lemon,WR,283.0,2026-09-30
2026,4,isiah pacheco,Isiah Pacheco,RB,,2026-09-30
2026,4,kenny gainwell,Kenny Gainwell,RB,259.0,2026-09-30
2026,4,cameron dicker,Cameron Dicker,K,,2026-09-30
2026,4,james cook,James Cook III,RB,7157.0,2026-09-30
2026,4,jordan mason,Jordan Mason,RB,415.0,2026-09-30
2026,4,jayden reed,Jayden Reed,WR,56.0,2026-09-30
2026,4,dezhaun stribling,De'Zhaun Stribling,WR,,2026-09-30
2026,4,alec pierce,Alec Pierce,WR,171.0,2026-09-30
2026,4,drake maye,Drake Maye,QB,1078.0,2026-09-30
2026,4,rams,Rams,DEF,,2026-09-30
2026,4,brandon aubrey,Brandon Aubrey,K,,2026-09-30
2026,4,nico collins,Nico Collins,WR,4606.0,2026-09-30
2026,4,jameson williams,Jameson Williams,WR,1235.0,2026-09-30
2026,4,sam laporta,Sam LaPorta,TE,1583.0,2026-09-30
2026,4,rico dowdle,Rico Dowdle,RB,420.0,2026-09-30
2026,4,carnell tate,Carnell Tate,WR,945.0,2026-09-30
2026,4,tucker kraft,Tucker Kraft,TE,1045.0,2026-09-30
2026,4,jayden daniels,Jayden Daniels,QB,476.0,2026-09-30
2026,4,rhamondre stevenson,Rhamondre Stevenson,RB,1026.0,2026-09-30
2026,4,george pickens,George Pickens,WR,3881.0,2026-09-30
2026,4,rashee rice,Rashee Rice,WR,3135.0,2026-09-30
2026,4,luther burden,Luther Burden III,WR,1534.0,2026-09-30
2026,4,chase brown,Chase Brown,RB,5670.0,2026-09-30
2026,4,jonathan taylor,Jonathan Taylor,RB,8221.0,2026-09-30
2026,4,jadarian price,Jadarian Price,RB,1178.0,2026-09-30
2026,4,quentin johnston,Quentin Johnston,WR,371.0,2026-09-30
2026,4,justin herbert,Justin Herbert,QB,712.0,2026-09-30
2026,4,jaylen waddle,Jaylen Waddle,WR,2196.0,2026-09-30
2026,4,terry mclaurin,Terry McLaurin,WR,1209.0,2026-09-30
2026,4,rome odunze,Rome Odunze,WR,898.0,2026-09-30
2026,4,marshawn lloyd,MarShawn Lloyd,RB,318.0,2026-09-30
2026,4,ladd mcconkey,Ladd McConkey,WR,2155.0,2026-09-30
2026,4,marvin harrison,Marvin Harrison Jr.,WR,506.0,2026-09-30
2026,4,jonathon brooks,Jonathon Brooks,RB,57.0,2026-09-30
2026,4,jamarr chase,Ja'Marr Chase,WR,9026.0,2026-09-30
2026,4,emeka egbuka,Emeka Egbuka,WR,1807.0,2026-09-30
2026,4,colston loveland,Colston Loveland,TE,1159.0,2026-09-30
2026,4,lamar jackson,Lamar Jackson,QB,3986.0,2026-09-30
2026,4,puka nacua,Puka Nacua,WR,7386.0,2026-09-30
2026,4,omarion hampton,Omarion Hampton,RB,3541.0,2026-09-30
2026,4,travis etienne,Travis Etienne Jr.,RB,1775.0,2026-09-30
2026,4,malik nabers,Malik Nabers,WR,2796.0,2026-09-30
2026,4,aj brown,A.J. Brown,WR,2412.0,2026-09-30
2026,4,saquon barkley,Saquon Barkley,RB,4771.0,2026-09-30
2026,4,devon achane,De'Von Achane,RB,,2026-09-30
2026,5,chuba hubbard,Chuba Hubbard,RB,3914.0,2026-10-06
2026,5,chris olave,Chris Olave,WR,5990.0,2026-10-06
2026,5,josh allen,Josh Allen,QB,5953.0,2026-10-06
2026,5,trey mcbride,Trey McBride,TE,5554.0,2026-10-06
2026,5,ashton jeanty,Ashton Jeanty,RB,6021.0,2026-10-06
2026,5,george kittle,George Kittle,TE,2636.0,2026-10-06
2026,5,christian watson,Christian Watson,WR,3461.0,2026-10-06
2026,5,kenneth walker,Kenneth Walker III,RB,9172.0,2026-10-06
2026,5,patrick mahomes,Patrick Mahomes,QB,1970.0,2026-10-06
2026,5,parker washington,Parker Washington,WR,3419.0,2026-10-06
2026,5,brock bowers,Brock Bowers,TE,5693.0,2026-10-06
2026,5,michael wilson,Michael Wilson,WR,2295.0,2026-10-06
2026,5,jaxon smith njigba,Jaxon Smith-Njigba,WR,9530.0,2026-10-06
2026,5,tyler shough,Tyler Shough,QB,1580.0,2026-10-06
2026,5,brock purdy,Brock Purdy,QB,2628.0,2026-10-06
2026,5,derrick henry,Derrick Henry,RB,7374.0,2026-10-06
2026,5,jaylen warren,Jaylen Warren,RB,2651.0,2026-10-06
2026,5,jared goff,Jared Goff,QB,1375.0,2026-10-06
2026,5,zach charbonnet,Zach Charbonnet,RB,1318.0,2026-10-06
2026,5,matthew golden,Matthew Golden,WR,1766.0,2026-10-06
2026,5,ceedee lamb,CeeDee Lamb,WR,8251.0,2026-10-06
2026,5,davante adams,Davante Adams,WR,2978.0,2026-10-06
2026,5,zay flowers,Zay Flowers,WR,4970.0,2026-10-06
2026,5,garrett wilson,Garrett Wilson,WR,4026.0,2026-10-06
2026,5,denzel boston,Denzel Boston,WR,1175.0,2026-10-06
2026,5,aaron jones,Aaron Jones Sr.,RB,1829.0,2026-10-06
2026,5,jeremiyah love,Jeremiyah Love,RB,4536.0,2026-10-06
2026,5,juwan johnson,Juwan Johnson,TE,1021.0,2026-10-06
2026,5,deebo samuel,Deebo Samuel Sr.,WR,1240.0,2026-10-06
2026,5,jalen coker,Jalen Coker,WR,1407.0,2026-10-06
2026,5,travis kelce,Travis Kelce,TE,1445.0,2026-10-06
2026,5,jordyn tyson,Jordyn Tyson,WR,941.0,2026-10-06
2026,5,tetairoa mcmillan,Tetairoa McMillan,WR,3537.0,2026-10-06
2026,5,alvin kamara,Alvin Kamara,RB,875.0,2026-10-06
2026,5,kyle monangai,Kyle Monangai,RB,1330.0,2026-10-06
2026,5,bijan robinson,Bijan Robinson,RB,10177.0,2026-10-06
2026,5,jakobi meyers,Jakobi Meyers,WR,642.0,2026-10-06
2026,5,dalton kincaid,Dalton Kincaid,TE,1565.0,2026-10-06
2026,5,josh jacobs,Josh Jacobs,RB,1209.0,2026-10-06
2026,5,trevor lawrence,Trevor Lawrence,QB,1738.0,2026-10-06
2026,5,bhayshul tuten,Bhayshul Tuten,RB,2984.0,2026-10-06
2026,5,dak prescott,Dak Prescott,QB,1733.0,2026-10-06
2026,5,jordan love,Jordan Love,QB,400.0,2026-10-06
2026,5,jake ferguson,Jake Ferguson,TE,517.0,2026-10-06
2026,5,matthew stafford,Matthew Stafford,QB,767.0,2026-10-06
2026,5,quinshon judkins,Quinshon Judkins,RB,2416.0,2026-10-06
2026,5,javonte williams,Javonte Williams,RB,5327.0,2026-10-06
2026,5,caleb williams,Caleb Williams,QB,1783.0,2026-10-06
2026,5,tre tucker,Tre Tucker,WR,323.0,2026-10-06
2026,5,kaelon black,Kaelon Black,RB,316.0,2026-10-06
2026,5,isaiah likely,Isaiah Likely,TE,900.0,2026-10-06
2026,5,justin jefferson,Justin Jefferson,WR,6258.0,2026-10-06
2026,5,dandre swift,D'Andre Swift,RB,3506.0,2026-10-06
2026,5,kyren williams,Kyren Williams,RB,5246.0,2026-10-06
2026,5,mark andrews,Mark Andrews,TE,498.0,2026-10-06
2026,5,mike evans,Mike Evans,WR,1981.0,2026-10-06
2026,5,breece hall,Breece Hall,RB,3731.0,2026-10-06
2026,5,tyler allgeier,Tyler Allgeier,RB,318.0,2026-10-06
2026,5,woody marks,Woody Marks,RB,637.0,2026-10-06
2026,5,brian robinson,Brian Robinson,RB,249.0,2026-10-06
2026,5,cam skattebo,Cam Skattebo,RB,2950.0,2026-10-06
2026,5,treveyon henderson,TreVeyon Henderson,RB,1597.0,2026-10-06
2026,5,tyler warren,Tyler Warren,TE,2129.0,2026-10-06
2026,5,tee higgins,Tee Higgins,WR,3457.0,2026-10-06
2026,5,dallas goedert,Dallas Goedert,TE,364.0,2026-10-06
2026,5,hunter henry,Hunter Henry,TE,120.0,2026-10-06
2026,5,romeo doubs,Romeo Doubs,WR,455.0,2026-10-06
2026,5,tank bigsby,Tank Bigsby,RB,80.0,2026-10-06
2026,5,khalil shakir,Khalil Shakir,WR,288.0,2026-10-06
2026,5,oronde gadsden,Oronde Gadsden,TE,66.0,2026-10-06
2026,5,jonah coleman,Jonah Coleman,RB,49.0,2026-10-06
2026,5,keaton mitchell,Keaton Mitchell,RB,237.0,2026-10-06
2026,5,rachaad white,Rachaad White,RB,362.0,2026-10-06
2026,5,rashid shaheed,Rashid Shaheed,WR,37.0,2026-10-06
2026,5,xavier worthy,Xavier Worthy,WR,411.0,2026-10-06
2026,5,rj harvey,RJ Harvey,RB,1174.0,2026-10-06
2026,5,bo nix,Bo Nix,QB,574.0,2026-10-06
2026,5,cooper kupp,Cooper Kupp,WR,4.0,2026-10-06
2026,5,andy borregales,Andy Borregales,K,,2026-10-06
2026,5,ers,49ers,DEF,,2026-10-06
2026,5,cairo santos,Cairo Santos,K,,2026-10-06
2026,5,jalen mcmillan,Jalen McMillan,WR,,2026-10-06
2026,5,ray davis,Ray Davis,RB,,2026-10-06
2026,5,jakobi lane,Ja'Kobi Lane,WR,,2026-10-06
2026,5,cam little,Cam Little,K,,2026-10-06
2026,5,harrison mevis,Harrison Mevis,K,,2026-10-06
2026,5,patriots,Patriots,DEF,,2026-10-06
2026,5,james conner,James Conner,RB,,2026-10-06
2026,5,steelers,Steelers,DEF,,2026-10-06
2026,5,tyler loop,Tyler Loop,K,,2026-10-06
2026,5,justice hill,Justice Hill,RB,,2026-10-06
2026,5,will reichard,Will Reichard,K,,2026-10-06
2026,5,jake bates,Jake Bates,K,,2026-10-06
2026,5,kayshon boutte,Kayshon Boutte,WR,,2026-10-06
2026,5,ravens,Ravens,DEF,,2026-10-06
2026,5,jason myers,Jason Myers,K,,2026-10-06
2026,5,vikings,Vikings,DEF,,2026-10-06
2026,5,jahmyr gibbs,Jahmyr Gibbs,RB,10690.0,2026-10-06
2026,5,joe burrow,Joe Burrow,QB,2393.0,2026-10-06
2026,5,bucky irving,Bucky Irving,RB,2732.0,2026-10-06
2026,5,drake london,Drake London,WR,4905.0,2026-10-06
2026,5,eagles,Eagles,DEF,,2026-10-06
2026,5,wandale robinson,Wan'Dale Robinson,WR,500.0,2026-10-06
2026,5,najee harris,Najee Harris,RB,,2026-10-06
2026,5,kyler murray,Kyler Murray,QB,284.0,2026-10-06
2026,5,jacory croskey merritt,Jacory Croskey-Merritt,RB,840.0,2026-10-06
2026,5,christian mccaffrey,Christian McCaffrey,RB,8013.0,2026-10-06
2026,5,jaxson dart,Jaxson Dart,QB,,2026-10-06
2026,5,seahawks,Seahawks,DEF,,2026-10-06
2026,5,dk metcalf,DK Metcalf,WR,1273.0,2026-10-06
2026,5,jordan addison,Jordan Addison,WR,821.0,2026-10-06
2026,5,harold fannin,Harold Fannin Jr.,TE,1068.0,2026-10-06
2026,5,stefon diggs,Stefon Diggs,WR,1149.0,2026-10-06
2026,5,chris rodriguez,Chris Rodriguez Jr.,RB,78.0,2026-10-06
2026,5,amon ra st brown,Amon-Ra St. Brown,WR,8064.0,2026-10-06
2026,5,dj moore,DJ Moore,WR,1792.0,2026-10-06
2026,5,nico collins,Nico Collins,WR,5035.0,2026-10-06
2026,5,tony pollard,Tony Pollard,RB,1057.0,2026-10-06
2026,5,devonta smith,DeVonta Smith,WR,3281.0,2026-10-06
2026,5,broncos,Broncos,DEF,,2026-10-06
2026,5,tyjae spears,Tyjae Spears,RB,71.0,2026-10-06
2026,5,josh downs,Josh Downs,WR,1155.0,2026-10-06
2026,5,carnell tate,Carnell Tate,WR,1299.0,2026-10-06
2026,5,kaimi fairbairn,Ka'imi Fairbairn,K,,2026-10-06
2026,5,rhamondre stevenson,Rhamondre Stevenson,RB,1451.0,2026-10-06
2026,5,kyle pitts,Kyle Pitts Sr.,TE,502.0,2026-10-06
2026,5,mike washington,Mike Washington Jr.,RB,130.0,2026-10-06
2026,5,texans,Texans,DEF,,2026-10-06
2026,5,jayden daniels,Jayden Daniels,QB,896.0,2026-10-06
2026,5,kc concepcion,KC Concepcion,WR,657.0,2026-10-06
2026,5,makai lemon,Makai Lemon,WR,464.0,2026-10-06
2026,5,isiah pacheco,Isiah Pacheco,RB,,2026-10-06
2026,5,cameron dicker,Cameron Dicker,K,,2026-10-06
2026,5,blake corum,Blake Corum,RB,715.0,2026-10-06
2026,5,dezhaun stribling,De'Zhaun Stribling,WR,19.0,2026-10-06
2026,5,rams,Rams,DEF,,2026-10-06
2026,5,brandon aubrey,Brandon Aubrey,K,,2026-10-06
2026,5,brian thomas,Brian Thomas Jr.,WR,557.0,2026-10-06
2026,5,drake maye,Drake Maye,QB,1052.0,2026-10-06
2026,5,alec pierce,Alec Pierce,WR,258.0,2026-10-06
2026,5,jk dobbins,J.K. Dobbins,RB,629.0,2026-10-06
2026,5,jameson williams,Jameson Williams,WR,1271.0,2026-10-06
2026,5,courtland sutton,Courtland Sutton,WR,490.0,2026-10-06
2026,5,sam laporta,Sam LaPorta,TE,1584.0,2026-10-06
2026,5,jalen hurts,Jalen Hurts,QB,1265.0,2026-10-06
2026,5,jonathan taylor,Jonathan Taylor,RB,8585.0,2026-10-06
2026,5,tucker kraft,Tucker Kraft,TE,1141.0,2026-10-06
2026,5,jordan mason,Jordan Mason,RB,473.0,2026-10-06
2026,5,jayden reed,Jayden Reed,WR,,2026-10-06
2026,5,kenny gainwell,Kenny Gainwell,RB,191.0,2026-10-06
2026,5,chase brown,Chase Brown,RB,5593.0,2026-10-06
2026,5,michael pittman,Michael Pittman Jr.,WR,229.0,2026-10-06
2026,5,chris godwin,Chris Godwin Jr.,WR,446.0,2026-10-06
2026,5,puka nacua,Puka Nacua,WR,7893.0,2026-10-06
2026,5,david montgomery,David Montgomery,RB,1941.0,2026-10-06
2026,5,luther burden,Luther Burden III,WR,1707.0,2026-10-06
2026,5,rico dowdle,Rico Dowdle,RB,376.0,2026-10-06
2026,5,jadarian price,Jadarian Price,RB,1118.0,2026-10-06
2026,5,jaylen waddle,Jaylen Waddle,WR,2057.0,2026-10-06
2026,5,marvin harrison,Marvin Harrison Jr.,WR,645.0,2026-10-06
2026,5,ladd mcconkey,Ladd McConkey,WR,1991.0,2026-10-06
2026,5,george pickens,George Pickens,WR,3540.0,2026-10-06
2026,5,james cook,James Cook III,RB,7006.0,2026-10-06
2026,5,rome odunze,Rome Odunze,WR,929.0,2026-10-06
2026,5,terry mclaurin,Terry McLaurin,WR,1220.0,2026-10-06
2026,5,justin herbert,Justin Herbert,QB,494.0,2026-10-06
2026,5,rashee rice,Rashee Rice,WR,2448.0,2026-10-06
2026,5,quentin johnston,Quentin Johnston,WR,219.0,2026-10-06
2026,5,marshawn lloyd,MarShawn Lloyd,RB,215.0,2026-10-06
2026,5,jonathon brooks,Jonathon Brooks,RB,,2026-10-06
2026,5,colston loveland,Colston Loveland,TE,1193.0,2026-10-06
2026,5,emeka egbuka,Emeka Egbuka,WR,1360.0,2026-10-06
2026,5,jamarr chase,Ja'Marr Chase,WR,8521.0,2026-10-06
2026,5,lamar jackson,Lamar Jackson,QB,3319.0,2026-10-06
2026,5,malik nabers,Malik Nabers,WR,3629.0,2026-10-06
2026,5,omarion hampton,Omarion Hampton,RB,2847.0,2026-10-06
2026,5,aj brown,A.J. Brown,WR,2794.0,2026-10-06
2026,5,travis etienne,Travis Etienne Jr.,RB,1553.0,2026-10-06
2026,5,saquon barkley,Saquon Barkley,RB,4463.0,2026-10-06
2026,5,devon achane,De'Von Achane,RB,,2026-10-06
