season,week,gsis_id,norm,player,pos,wopr_anchored,snapshot_date
2026,3,00-0038543,jaxon smith njigba,Jaxon Smith-Njigba,WR,0.9410799814879276,2026-09-25
2026,3,00-0036322,justin jefferson,Justin Jefferson,WR,0.7908862515983056,2026-09-25
2026,3,00-0036963,amon ra st brown,Amon-Ra St. Brown,WR,0.7629936809958991,2026-09-25
2026,3,00-0037740,garrett wilson,Garrett Wilson,WR,0.7530708993061555,2026-09-25
2026,3,00-0037239,chris olave,Chris Olave,WR,0.7484330883944439,2026-09-25
2026,3,00-0040388,jakobie keeney james,Jakobie Keeney-James,WR,0.72,2026-09-25
2026,3,00-0039075,puka nacua,Puka Nacua,WR,0.706839251843338,2026-09-25
2026,3,00-0033040,tyreek hill,Tyreek Hill,WR,0.7022035187344724,2026-09-25
2026,3,00-0036912,devonta smith,DeVonta Smith,WR,0.7021907474924716,2026-09-25
2026,3,00-0037238,drake london,Drake London,WR,0.6927580739221563,2026-09-25
2026,3,00-0039337,malik nabers,Malik Nabers,WR,0.6881057639351935,2026-09-25
2026,3,00-0040124,tetairoa mcmillan,Tetairoa McMillan,WR,0.6861878594817542,2026-09-25
2026,3,00-0036358,ceedee lamb,CeeDee Lamb,WR,0.6746732430900303,2026-09-25
2026,3,00-0031381,davante adams,Davante Adams,WR,0.6665320778290355,2026-09-25
2026,3,00-0039064,zay flowers,Zay Flowers,WR,0.6661319699708326,2026-09-25
2026,3,00-0037744,trey mcbride,Trey McBride,TE,0.66418545839407,2026-09-25
2026,3,00-0035640,dk metcalf,DK Metcalf,WR,0.650161589420796,2026-09-25
2026,3,00-0038606,parker washington,Parker Washington,WR,0.6489479483953313,2026-09-25
2026,3,00-0036900,jamarr chase,Ja'Marr Chase,WR,0.646694826940411,2026-09-25
2026,3,00-0036554,nico collins,Nico Collins,WR,0.6456751329694255,2026-09-25
2026,3,00-0036613,jaylen waddle,Jaylen Waddle,WR,0.6441773408236772,2026-09-25
2026,3,00-0036410,tee higgins,Tee Higgins,WR,0.6032519633415447,2026-09-25
2026,3,00-0035676,aj brown,A.J. Brown,WR,0.5969200089105438,2026-09-25
2026,3,00-0037247,george pickens,George Pickens,WR,0.5804985953706708,2026-09-25
2026,3,00-0040628,drake dabney,Drake Dabney,TE,0.5800000000000001,2026-09-25
2026,3,00-0035659,terry mclaurin,Terry McLaurin,WR,0.5775688315036719,2026-09-25
2026,3,00-0039890,adonai mitchell,Adonai Mitchell,WR,0.5683551646280788,2026-09-25
2026,3,00-0038559,michael wilson,Michael Wilson,WR,0.557146250854534,2026-09-25
2026,3,00-0040129,emeka egbuka,Emeka Egbuka,WR,0.5551977526066394,2026-09-25
2026,3,00-0038124,christian watson,Christian Watson,WR,0.5496678361330075,2026-09-25
2026,3,00-0031408,mike evans,Mike Evans,WR,0.545866591872539,2026-09-25
2026,3,00-0039919,rome odunze,Rome Odunze,WR,0.5343404147799883,2026-09-25
2026,3,00-0039916,ricky pearsall,Ricky Pearsall,WR,0.5180010012322859,2026-09-25
2026,3,00-0039338,brock bowers,Brock Bowers,TE,0.5151831351585248,2026-09-25
2026,3,00-0038117,wandale robinson,Wan'Dale Robinson,WR,0.5108459797503364,2026-09-25
2026,3,00-0038563,tre tucker,Tre Tucker,WR,0.5103305098206713,2026-09-25
2026,3,00-0039893,brian thomas,Brian Thomas Jr.,WR,0.5067921707688365,2026-09-25
2026,3,00-0037240,jameson williams,Jameson Williams,WR,0.5067052337926483,2026-09-25
2026,3,00-0037664,alec pierce,Alec Pierce,WR,0.5047866339356556,2026-09-25
2026,3,00-0034348,courtland sutton,Courtland Sutton,WR,0.4885088047788392,2026-09-25
2026,3,00-0031588,stefon diggs,Stefon Diggs,WR,0.4854014169899515,2026-09-25
2026,3,00-0038544,quentin johnston,Quentin Johnston,WR,0.4811736416437787,2026-09-25
2026,3,00-0039915,ladd mcconkey,Ladd McConkey,WR,0.4793115585737793,2026-09-25
2026,3,00-0038994,jordan addison,Jordan Addison,WR,0.4786436716679293,2026-09-25
2026,3,00-0040667,matthew golden,Matthew Golden,WR,0.4692695441905419,2026-09-25
2026,3,00-0037816,romeo doubs,Romeo Doubs,WR,0.4691588901169167,2026-09-25
2026,3,00-0039491,jalen coker,Jalen Coker,WR,0.467239167852543,2026-09-25
2026,3,00-0030506,travis kelce,Travis Kelce,TE,0.4554343705352471,2026-09-25
2026,3,00-0030279,keenan allen,Keenan Allen,WR,0.4543453188736562,2026-09-25
2026,3,00-0030061,zach ertz,Zach Ertz,TE,0.4520754497292891,2026-09-25
2026,3,00-0038997,josh downs,Josh Downs,WR,0.4494243307601917,2026-09-25
2026,3,00-0033288,george kittle,George Kittle,TE,0.4477518893830041,2026-09-25
2026,3,00-0038933,dalton kincaid,Dalton Kincaid,TE,0.4467003137067431,2026-09-25
2026,3,00-0040170,elic ayomanor,Elic Ayomanor,WR,0.44442852643643,2026-09-25
2026,3,00-0035719,deebo samuel,Deebo Samuel Sr.,WR,0.4370642925854896,2026-09-25
2026,3,00-0039894,xavier worthy,Xavier Worthy,WR,0.436801133155911,2026-09-25
2026,3,00-0036407,jerry jeudy,Jerry Jeudy,WR,0.4327608699024307,2026-09-25
2026,3,00-0034383,dalton schultz,Dalton Schultz,TE,0.4327486004718549,2026-09-25
2026,3,00-0039067,rashee rice,Rashee Rice,WR,0.4318531857649504,2026-09-25
2026,3,00-0037545,rashid shaheed,Rashid Shaheed,WR,0.4268496000910391,2026-09-25
2026,3,00-0041037,denzel boston,Denzel Boston,WR,0.4221299310106955,2026-09-25
2026,3,00-0039880,malik washington,Malik Washington,WR,0.4204096832038254,2026-09-25
2026,3,00-0041438,carnell tate,Carnell Tate,WR,0.4151406687687256,2026-09-25
2026,3,00-0037261,khalil shakir,Khalil Shakir,WR,0.4141382243338364,2026-09-25
2026,3,00-0034753,mark andrews,Mark Andrews,TE,0.4090910527273695,2026-09-25
2026,3,00-0040663,harold fannin,Harold Fannin Jr.,TE,0.4041950560417626,2026-09-25
2026,3,00-0033943,josh reynolds,Josh Reynolds,WR,0.4014603339952473,2026-09-25
2026,3,00-0034837,calvin ridley,Calvin Ridley,WR,0.3999817318352107,2026-09-25
2026,3,00-0036259,jauan jennings,Jauan Jennings,WR,0.3986510152610016,2026-09-25
2026,3,00-0035535,darius slayton,Darius Slayton,WR,0.3957347613689381,2026-09-25
2026,3,00-0034827,dj moore,DJ Moore,WR,0.3938757909784529,2026-09-25
2026,3,00-0037838,isaiah likely,Isaiah Likely,TE,0.3931709054091964,2026-09-25
2026,3,00-0036252,michael pittman,Michael Pittman,WR,0.3922885984834126,2026-09-25
2026,3,00-0039849,marvin harrison,Marvin Harrison Jr.,WR,0.3916646315981375,2026-09-25
2026,3,00-0040128,tyler warren,Tyler Warren,TE,0.3794356014646203,2026-09-25
2026,3,00-0034960,jakobi meyers,Jakobi Meyers,WR,0.375738340567356,2026-09-25
2026,3,00-0039901,keon coleman,Keon Coleman,WR,0.3710192977139342,2026-09-25
2026,3,00-0033090,hunter henry,Hunter Henry,TE,0.3699354101639943,2026-09-25
2026,3,00-0038393,dontayvion wicks,Dontayvion Wicks,WR,0.3695942406356296,2026-09-25
2026,3,00-0033555,mack hollins,Mack Hollins,WR,0.3691581064678834,2026-09-25
2026,3,00-0040735,luther burden,Luther Burden III,WR,0.369141674365795,2026-09-25
2026,3,00-0037837,calvin austin,Calvin Austin III,WR,0.3671899325376232,2026-09-25
2026,3,00-0039868,troy franklin,Troy Franklin,WR,0.3669735873534977,2026-09-25
2026,3,00-0039065,sam laporta,Sam LaPorta,TE,0.3664469348426533,2026-09-25
2026,3,00-0036550,rashod bateman,Rashod Bateman,WR,0.3611423095183668,2026-09-25
2026,3,00-0036970,kyle pitts,Kyle Pitts,TE,0.3595451614765827,2026-09-25
2026,3,00-0039424,devaughn vele,Devaughn Vele,WR,0.3584338951665509,2026-09-25
2026,3,00-0040311,theo wease,Theo Wease Jr.,WR,0.3582508250825083,2026-09-25
2026,3,00-0034351,dallas goedert,Dallas Goedert,TE,0.3514445962577007,2026-09-25
2026,3,00-0035229,tj hockenson,T.J. Hockenson,TE,0.3495076412824257,2026-09-25
2026,3,00-0037741,jahan dotson,Jahan Dotson,WR,0.3489917998789318,2026-09-25
2026,3,00-0038129,cade otton,Cade Otton,TE,0.34852588269303,2026-09-25
2026,3,00-0036040,juwan johnson,Juwan Johnson,TE,0.3479545634653163,2026-09-25
2026,3,00-0041042,malachi fields,Malachi Fields,WR,0.3450862811563815,2026-09-25
2026,3,00-0041048,ted hurst,Ted Hurst III,WR,0.3421701568399121,2026-09-25
2026,3,00-0036309,darnell mooney,Darnell Mooney,WR,0.3397883375676124,2026-09-25
2026,3,00-0041547,kc concepcion,KC Concepcion,WR,0.3396299310106955,2026-09-25
2026,3,00-0041523,caleb douglas,Caleb Douglas,WR,0.3369850967654428,2026-09-25
2026,3,00-0038104,tyquan thornton,Tyquan Thornton,WR,0.3348685595035982,2026-09-25
2026,3,00-0040736,mason taylor,Mason Taylor,TE,0.3325768475376766,2026-09-25
2026,3,00-0041489,germie bernard,Germie Bernard,WR,0.3313396486906043,2026-09-25
2026,3,00-0038996,tucker kraft,Tucker Kraft,TE,0.3270207545434652,2026-09-25
2026,3,00-0038618,xavier hutchinson,Xavier Hutchinson,WR,0.3257002667263031,2026-09-25
2026,3,00-0039342,xavier legette,Xavier Legette,WR,0.3240482869565529,2026-09-25
2026,3,00-0033921,chris godwin,Chris Godwin Jr.,WR,0.3236639183907402,2026-09-25
2026,3,00-0036415,van jefferson,Van Jefferson,WR,0.3199423990036584,2026-09-25
2026,3,00-0039884,tahj washington,Tahj Washington,WR,0.3188876142545239,2026-09-25
2026,3,00-0033908,cooper kupp,Cooper Kupp,WR,0.3170302822368422,2026-09-25
2026,3,00-0033307,kendrick bourne,Kendrick Bourne,WR,0.3157829704398861,2026-09-25
2026,3,00-0034829,mike gesicki,Mike Gesicki,TE,0.312525028154845,2026-09-25
2026,3,00-0040130,jayden higgins,Jayden Higgins,WR,0.3122613029730011,2026-09-25
2026,3,00-0034983,hunter renfrow,Hunter Renfrow,WR,0.3092968408085196,2026-09-25
2026,3,00-0037291,jalen nailor,Jalen Nailor,WR,0.3086858863064228,2026-09-25
2026,3,00-0039739,roman wilson,Roman Wilson,WR,0.3056134840459693,2026-09-25
2026,3,00-0039855,jalen mcmillan,Jalen McMillan,WR,0.3054097227189281,2026-09-25
2026,3,00-0040126,colston loveland,Colston Loveland,TE,0.3018750534857538,2026-09-25
2026,3,00-0036423,albert okwuegbunam,Albert Okwuegbunam,TE,0.3016393442622951,2026-09-25
2026,3,00-0034775,christian kirk,Christian Kirk,WR,0.2993454911209265,2026-09-25
2026,3,00-0040581,donte thornton,Dont'e Thornton Jr.,WR,0.2987720863873676,2026-09-25
2026,3,00-0039066,michael mayer,Michael Mayer,TE,0.2948717133858627,2026-09-25
2026,3,00-0039146,jayden reed,Jayden Reed,WR,0.294726327727474,2026-09-25
2026,3,00-0038979,cedric tillman,Cedric Tillman,WR,0.2932467837434375,2026-09-25
2026,3,00-0039847,theo johnson,Theo Johnson,TE,0.2919529162724239,2026-09-25
2026,3,00-0036626,dyami brown,Dyami Brown,WR,0.2884272883737194,2026-09-25
2026,3,00-0032385,sterling shepard,Sterling Shepard,WR,0.285876360402295,2026-09-25
2026,3,00-0032398,chris moore,Chris Moore,WR,0.2831726236353073,2026-09-25
2026,3,00-0038608,kayshon boutte,Kayshon Boutte,WR,0.2825867080616211,2026-09-25
2026,3,00-0038935,brenton strange,Brenton Strange,TE,0.2823658550964605,2026-09-25
2026,3,00-0037809,chig okonkwo,Chig Okonkwo,TE,0.2821223111077189,2026-09-25
2026,3,00-0040648,tory horton,Tory Horton,WR,0.2810182279994023,2026-09-25
2026,3,00-0032688,robbie chosen,Robbie Chosen,WR,0.2770115973218556,2026-09-25
2026,3,00-0031610,darren waller,Darren Waller,TE,0.2756664124978581,2026-09-25
2026,3,00-0040237,tez johnson,Tez Johnson,WR,0.2719961464977942,2026-09-25
2026,3,00-0037015,sal cannella,Sal Cannella,TE,0.2717703349282296,2026-09-25
2026,3,00-0032464,kalif raymond,Kalif Raymond,WR,0.2717117266574959,2026-09-25
2026,3,00-0033885,david njoku,David Njoku,TE,0.2712593417332287,2026-09-25
2026,3,00-0038041,jake ferguson,Jake Ferguson,TE,0.2709242015528114,2026-09-25
2026,3,00-0040727,tre harris,Tre Harris,WR,0.2705362953558894,2026-09-25
2026,3,00-0040522,xavier restrepo,Xavier Restrepo,WR,0.2691844536476585,2026-09-25
2026,3,00-0035662,marquise brown,Marquise Brown,WR,0.2684282521386429,2026-09-25
2026,3,00-0038621,demario douglas,DeMario Douglas,WR,0.2670171044491479,2026-09-25
2026,3,00-0037742,treylon burks,Treylon Burks,WR,0.2645853807727942,2026-09-25
2026,3,00-0036988,josh palmer,Josh Palmer,WR,0.2638536578023893,2026-09-25
2026,3,00-0036894,pat freiermuth,Pat Freiermuth,TE,0.2610496132142839,2026-09-25
2026,3,00-0038809,ben sims,Ben Sims,TE,0.2608135067238067,2026-09-25
2026,3,00-0041550,brenen thompson,Brenen Thompson,WR,0.2605297140875662,2026-09-25
2026,3,00-0036196,gabe davis,Gabe Davis,WR,0.2578061100485042,2026-09-25
2026,3,00-0032775,demarcus robinson,Demarcus Robinson,WR,0.2575430163184133,2026-09-25
2026,3,00-0033591,noah brown,Noah Brown,WR,0.2569020866773676,2026-09-25
2026,3,00-0039394,casey washington,Casey Washington,WR,0.2568840346932219,2026-09-25
2026,3,00-0039410,ryan flournoy,Ryan Flournoy,WR,0.2564124422841076,2026-09-25
2026,3,00-0040189,oronde gadsden,Oronde Gadsden II,TE,0.2555524361808536,2026-09-25
2026,3,00-0040870,jakobi lane,Ja'Kobi Lane,WR,0.2540780120539676,2026-09-25
2026,3,00-0037112,jake tonges,Jake Tonges,TE,0.2529166767123948,2026-09-25
2026,3,00-0040737,terrance ferguson,Terrance Ferguson,TE,0.2519090591333287,2026-09-25
2026,3,00-0031236,brandin cooks,Brandin Cooks,WR,0.2505863864784292,2026-09-25
2026,3,00-0030564,deandre hopkins,DeAndre Hopkins,WR,0.250103127146966,2026-09-25
2026,3,00-0041040,antonio williams,Antonio Williams,WR,0.2490939421481264,2026-09-25
2026,3,00-0036165,isaiah hodgins,Isaiah Hodgins,WR,0.2487992758319479,2026-09-25
2026,3,00-0040782,isaiah bond,Isaiah Bond,WR,0.2480119943721254,2026-09-25
2026,3,00-0033881,evan engram,Evan Engram,TE,0.2459694511732676,2026-09-25
2026,3,00-0035359,david sills,David Sills,WR,0.2458090608461857,2026-09-25
2026,3,00-0040134,pat bryant,Pat Bryant,WR,0.2450747568419736,2026-09-25
2026,3,00-0032211,tyler lockett,Tyler Lockett,WR,0.2448374026451621,2026-09-25
2026,3,00-0040584,gunnar helm,Gunnar Helm,TE,0.2426289669532923,2026-09-25
2026,3,00-0033891,zay jones,Zay Jones,WR,0.2415654004401492,2026-09-25
2026,3,00-0037252,greg dulcich,Greg Dulcich,TE,0.2401704628894436,2026-09-25
2026,3,00-0038839,mitchell tinsley,Mitchell Tinsley,WR,0.23859091868256,2026-09-25
2026,3,00-0034272,marquez valdes scantling,Marquez Valdes-Scantling,WR,0.2353999795928779,2026-09-25
2026,3,00-0041529,kevin coleman,Kevin Coleman Jr.,WR,0.2291285783970097,2026-09-25
2026,3,00-0036534,shane zylstra,Shane Zylstra,TE,0.2285955900776747,2026-09-25
2026,3,00-0035208,olamide zaccheaus,Olamide Zaccheaus,WR,0.2278960870807,2026-09-25
2026,3,00-0037231,kevin austin,Kevin Austin Jr.,WR,0.2242024842271293,2026-09-25
2026,3,00-0036427,tyler johnson,Tyler Johnson,WR,0.2201134539617685,2026-09-25
2026,3,00-0038938,jalin hyatt,Jalin Hyatt,WR,0.2194368915007455,2026-09-25
2026,3,00-0037614,john metchie,John Metchie III,WR,0.2192286514018263,2026-09-25
2026,3,00-0041525,chris bell,Chris Bell,WR,0.2178386532507985,2026-09-25
2026,3,00-0040894,malik benson,Malik Benson,WR,0.2131470342922117,2026-09-25
2026,3,00-0037666,jalen tolbert,Jalen Tolbert,WR,0.2114622176245579,2026-09-25
2026,3,00-0040867,makai lemon,Makai Lemon,WR,0.2108053096860741,2026-09-25
2026,3,00-0040890,cyrus allen,Cyrus Allen,WR,0.2102372000881556,2026-09-25
2026,3,00-0039793,aj barner,AJ Barner,TE,0.2096574850486613,2026-09-25
2026,3,00-0035406,liljordan humphrey,Lil'Jordan Humphrey,WR,0.2094696474168503,2026-09-25
2026,3,00-0041511,omar cooper,Omar Cooper Jr.,WR,0.2085500949227896,2026-09-25
2026,3,00-0037098,samori toure,Samori Toure,WR,0.2081652155447016,2026-09-25
2026,3,00-0036290,cole kmet,Cole Kmet,TE,0.2066979561908742,2026-09-25
2026,3,00-0041067,bryce lance,Bryce Lance,WR,0.2063777608064704,2026-09-25
2026,3,00-0040705,chimere dike,Chimere Dike,WR,0.2061556944017048,2026-09-25
2026,3,00-0041069,colbie young,Colbie Young,WR,0.2059247059649213,2026-09-25
2026,3,00-0038619,andrei iosivas,Andrei Iosivas,WR,0.2046196082808174,2026-09-25
2026,3,00-0038679,tyrell shavers,Tyrell Shavers,WR,0.204268622076389,2026-09-25
2026,3,00-0033110,tyler higbee,Tyler Higbee,TE,0.201329861938148,2026-09-25
2026,3,00-0040729,jack bech,Jack Bech,WR,0.2003065531194035,2026-09-25
2026,3,00-0038647,ronnie bell,Ronnie Bell,WR,0.196035074342356,2026-09-25
2026,3,00-0036133,james proche,James Proche,WR,0.1941703442565577,2026-09-25
2026,3,00-0039356,jatavion sanders,Ja'Tavion Sanders,TE,0.1932775957120079,2026-09-25
2026,3,00-0040669,isaac teslaa,Isaac TeSlaa,WR,0.1917839467960834,2026-09-25
2026,3,00-0041132,deion burks,Deion Burks,WR,0.1877585676095232,2026-09-25
2026,3,00-0040621,montorie foster,Montorie Foster Jr,WR,0.1877585676095232,2026-09-25
2026,3,00-0041051,zavion thomas,Zavion Thomas,WR,0.1877585676095232,2026-09-25
2026,3,00-0041100,josh cameron,Josh Cameron,WR,0.1845790029471624,2026-09-25
2026,3,00-0037005,tommy tremble,Tommy Tremble,TE,0.1830961825366281,2026-09-25
2026,3,00-0040948,j michael sturdivant,J. Michael Sturdivant,WR,0.1826103910651105,2026-09-25
2026,3,00-0030035,adam thielen,Adam Thielen,WR,0.1800995620604164,2026-09-25
2026,3,00-0032392,austin hooper,Austin Hooper,TE,0.179930989224038,2026-09-25
2026,3,00-0038891,shedrick jackson,Shedrick Jackson,WR,0.1778963414634146,2026-09-25
2026,3,00-0033858,jonnu smith,Jonnu Smith,TE,0.1777062125362384,2026-09-25
2026,3,00-0039144,luke musgrave,Luke Musgrave,TE,0.1776732673267326,2026-09-25
2026,3,00-0038558,darnell washington,Darnell Washington,TE,0.1776400498858505,2026-09-25
2026,3,00-0038976,marvin mims,Marvin Mims Jr.,WR,0.1771633103065441,2026-09-25
2026,3,00-0039451,isaiah williams,Isaiah Williams,WR,0.1755168697005862,2026-09-25
2026,3,00-0035689,dawson knox,Dawson Knox,TE,0.1726568303360474,2026-09-25
2026,3,00-0041044,zachariah branch,Zachariah Branch,WR,0.1717370188173077,2026-09-25
2026,3,00-0039355,luke mccaffrey,Luke McCaffrey,WR,0.1715277777777777,2026-09-25
2026,3,00-0035644,noah fant,Noah Fant,TE,0.1707075944511753,2026-09-25
2026,3,00-0036244,colby parkinson,Colby Parkinson,TE,0.1702339755904877,2026-09-25
2026,3,00-0041558,sam roush,Sam Roush,TE,0.1699983202311361,2026-09-25
2026,3,00-0036849,tutu atwell,Tutu Atwell,WR,0.168849104826758,2026-09-25
2026,3,00-0038728,jared wayne,Jared Wayne,WR,0.1679302579226581,2026-09-25
2026,3,00-0040785,dohnte meyers,Dohnte Meyers,WR,0.1672648837772272,2026-09-25
2026,3,00-0035298,scott miller,Scott Miller,WR,0.1651913733854721,2026-09-25
2026,3,00-0039792,devontez walker,Devontez Walker,WR,0.1634050723679883,2026-09-25
2026,3,00-0033857,juju smith schuster,JuJu Smith-Schuster,WR,0.1626902333529129,2026-09-25
2026,3,00-0040138,jaylin noel,Jaylin Noel,WR,0.1592648282131575,2026-09-25
2026,3,00-0041032,kenyon sadiq,Kenyon Sadiq,TE,0.1588899694161949,2026-09-25
2026,3,00-0034407,ray ray mccloud,Ray-Ray McCloud,WR,0.1558708332750493,2026-09-25
2026,3,00-0036841,austin trammell,Austin Trammell,WR,0.1514897998584207,2026-09-25
2026,3,00-0039814,erick all,Erick All,TE,0.1508073851484427,2026-09-25
2026,3,00-0040739,elijah arroyo,Elijah Arroyo,TE,0.1504012015067129,2026-09-25
2026,3,00-0041099,barion brown,Barion Brown,WR,0.1502068540876185,2026-09-25
2026,3,00-0039365,jacob cowing,Jacob Cowing,WR,0.1502068540876185,2026-09-25
2026,3,00-0041397,kaden wetjen,Kaden Wetjen,WR,0.1502068540876185,2026-09-25
2026,3,00-0035249,josh oliver,Josh Oliver,TE,0.1501436271927492,2026-09-25
2026,3,00-0033282,curtis samuel,Curtis Samuel,WR,0.1491176731758114,2026-09-25
2026,3,00-0040172,jordan watkins,Jordan Watkins,WR,0.1479256080114449,2026-09-25
2026,3,00-0036980,elijah moore,Elijah Moore,WR,0.1467929292929292,2026-09-25
2026,3,00-0040590,konata mumpfield,Konata Mumpfield,WR,0.1463630136373838,2026-09-25
2026,3,00-0038953,dylan drummond,Dylan Drummond,WR,0.144356120826709,2026-09-25
2026,3,00-0037348,tanner conner,Tanner Conner,TE,0.1417930565446342,2026-09-25
2026,3,00-0039521,xavier weaver,Xavier Weaver,WR,0.1386551108976133,2026-09-25
2026,3,00-0034521,allen lazard,Allen Lazard,WR,0.1384641193559968,2026-09-25
2026,3,00-0040081,jake briningstool,Jake Briningstool,TE,0.1365115292443451,2026-09-25
2026,3,00-0040164,jaylin lane,Jaylin Lane,WR,0.1363725495958134,2026-09-25
2026,3,00-0041503,nate boerkircher,Nate Boerkircher,TE,0.1349766752094911,2026-09-25
2026,3,00-0041395,eli raridon,Eli Raridon,TE,0.1344947965604463,2026-09-25
2026,3,00-0039623,mason tipton,Mason Tipton,WR,0.1341205465776502,2026-09-25
2026,3,00-0041472,marlin klein,Marlin Klein,TE,0.133968843142337,2026-09-25
2026,3,00-0041041,oscar delp,Oscar Delp,TE,0.1336275815947725,2026-09-25
2026,3,00-0036637,noah gray,Noah Gray,TE,0.1334881324817739,2026-09-25
2026,3,00-0040879,matthew hibner,Matthew Hibner,TE,0.1318017714095873,2026-09-25
2026,3,00-0034418,cedrick wilson,Cedrick Wilson Jr.,WR,0.1309123159514017,2026-09-25
2026,3,00-0037539,lucas krull,Lucas Krull,TE,0.1304347826086956,2026-09-25
2026,3,00-0033375,tim patrick,Tim Patrick,WR,0.1294597388355955,2026-09-25
2026,3,00-0040131,kyle williams,Kyle Williams,WR,0.1291950641764098,2026-09-25
2026,3,00-0040024,darius cooper,Darius Cooper,WR,0.1285079370004743,2026-09-25
2026,3,00-0036628,john bates,John Bates,TE,0.127115400307639,2026-09-25
2026,3,00-0039359,cade stover,Cade Stover,TE,0.124033485698985,2026-09-25
2026,3,00-0040244,moliki matavao,Moliki Matavao,TE,0.1235224586288416,2026-09-25
2026,3,00-0038720,julian hill,Julian Hill,TE,0.1232032951425054,2026-09-25
2026,3,00-0041524,will kacmarek,Will Kacmarek,TE,0.1211090910777706,2026-09-25
2026,3,00-0034386,justin watson,Justin Watson,WR,0.1208394267329628,2026-09-25
2026,3,00-0039379,jamari thrash,Jamari Thrash,WR,0.1204941895727698,2026-09-25
2026,3,00-0040194,jackson hawes,Jackson Hawes,TE,0.1201523448469531,2026-09-25
2026,3,00-0037475,stone smartt,Stone Smartt,TE,0.1198192519405129,2026-09-25
2026,3,00-0038115,daniel bellinger,Daniel Bellinger,TE,0.1175641681415809,2026-09-25
2026,3,00-0036182,nick westbrook ikhine,Nick Westbrook-Ikhine,WR,0.1155522380872119,2026-09-25
2026,3,00-0041094,bauer sharp,Bauer Sharp,TE,0.1155286232614392,2026-09-25
2026,3,00-0039518,treyton welch,Treyton Welch,TE,0.1155286232614392,2026-09-25
2026,3,00-0041131,carsen ryan,Carsen Ryan,TE,0.1155286232614392,2026-09-25
2026,3,00-0040277,jahdae walker,Jahdae Walker,WR,0.1144027404772953,2026-09-25
2026,3,00-0040184,keandre lambert smith,KeAndre Lambert-Smith,WR,0.1135869565217391,2026-09-25
2026,3,00-0039912,ben sinnott,Ben Sinnott,TE,0.1135019380406738,2026-09-25
2026,3,00-0039737,tip reiman,Tip Reiman,TE,0.1130295029273332,2026-09-25
2026,3,00-0038090,skyy moore,Skyy Moore,WR,0.1129892356556555,2026-09-25
2026,3,00-0036422,adam trautman,Adam Trautman,TE,0.1128819105849319,2026-09-25
2026,3,00-0034159,will dissly,Will Dissly,TE,0.1088076103001476,2026-09-25
2026,3,00-0034613,tanner hudson,Tanner Hudson,TE,0.1086032803608785,2026-09-25
2026,3,00-0033246,johnny mundt,Johnny Mundt,TE,0.1085616065658434,2026-09-25
2026,3,00-0033455,anthony firkser,Anthony Firkser,TE,0.1076480368333546,2026-09-25
2026,3,00-0037805,jeremy ruckert,Jeremy Ruckert,TE,0.1073951289520707,2026-09-25
2026,3,00-0037086,grant calcaterra,Grant Calcaterra,TE,0.1069859435486901,2026-09-25
2026,3,00-0040218,jimmy horn,Jimmy Horn Jr.,WR,0.1069690448705079,2026-09-25
2026,3,00-0040406,quentin skinner,Quentin Skinner,WR,0.1065379825653798,2026-09-25
2026,3,00-0033217,mo alie cox,Mo Alie-Cox,TE,0.1048858306956887,2026-09-25
2026,3,00-0037801,kavontae turpin,KaVontae Turpin,WR,0.1046993745599251,2026-09-25
2026,3,00-0040432,beaux collins,Beaux Collins,WR,0.1032008504726017,2026-09-25
2026,3,00-0038394,will mallory,Will Mallory,TE,0.1031002847200253,2026-09-25
2026,3,00-0035140,mecole hardman,Mecole Hardman,WR,0.1021751101321585,2026-09-25
2026,3,00-0038783,nate adkins,Nate Adkins,TE,0.1017186290865737,2026-09-25
2026,3,00-0040187,mitchell evans,Mitchell Evans,TE,0.100626090127588,2026-09-25
2026,3,00-0038046,charlie kolar,Charlie Kolar,TE,0.0998859014250094,2026-09-25
2026,3,00-0034860,dante pettis,Dante Pettis,WR,0.0962500734331102,2026-09-25
2026,3,00-0036754,brock wright,Brock Wright,TE,0.0946566466571846,2026-09-25
2026,3,00-0040582,arian smith,Arian Smith,WR,0.0931858877881231,2026-09-25
2026,3,00-0039751,jordan whittington,Jordan Whittington,WR,0.0925893506086031,2026-09-25
2026,3,00-0037317,nick muse,Nick Muse,TE,0.0924228986091513,2026-09-25
2026,3,00-0038547,luke schoonmaker,Luke Schoonmaker,TE,0.0923102623747516,2026-09-25
2026,3,00-0040259,gage larvadain,Gage Larvadain,WR,0.0915639724537876,2026-09-25
2026,3,00-0039074,davis allen,Davis Allen,TE,0.0902976701598631,2026-09-25
2026,3,00-0038824,ryan miller,Ryan Miller,WR,0.0894135659415527,2026-09-25
2026,3,00-0037282,james mitchell,James Mitchell,TE,0.087719784571519,2026-09-25
2026,3,00-0034270,tyler conklin,Tyler Conklin,TE,0.0875783699059561,2026-09-25
2026,3,00-0032951,laquon treadwell,Laquon Treadwell,WR,0.087479118839447,2026-09-25
2026,3,00-0037091,bo melton,Bo Melton,WR,0.0865732875454556,2026-09-25
2026,3,00-0039041,elijah higgins,Elijah Higgins,TE,0.0849242073825869,2026-09-25
2026,3,00-0039062,jonathan mingo,Jonathan Mingo,WR,0.0848369562715349,2026-09-25
2026,3,00-0039458,brenden bates,Brenden Bates,TE,0.0845353073405162,2026-09-25
2026,3,00-0034854,khadarel hodge,KhaDarel Hodge,WR,0.0840955862944044,2026-09-25
2026,3,00-0035631,drew sample,Drew Sample,TE,0.0838999680034892,2026-09-25
2026,3,00-0038359,xavier smith,Xavier Smith,WR,0.0830692326358412,2026-09-25
2026,3,00-0037306,john fitzpatrick,John FitzPatrick,TE,0.0824635933702762,2026-09-25
2026,3,00-0037755,jelani woods,Jelani Woods,TE,0.0819976076555023,2026-09-25
2026,3,00-0034487,trent sherfield,Trent Sherfield,WR,0.0809918639196877,2026-09-25
2026,3,00-0040646,jalen royals,Jalen Royals,WR,0.0799115545869452,2026-09-25
2026,3,00-0036630,tylan wallace,Tylan Wallace,WR,0.079667974142197,2026-09-25
2026,3,00-0038589,josh whyle,Josh Whyle,TE,0.0793527723517793,2026-09-25
2026,3,00-0036176,mason kinsey,Mason Kinsey,WR,0.0793363499245852,2026-09-25
2026,3,00-0036232,harrison bryant,Harrison Bryant,TE,0.0781324038636777,2026-09-25
2026,3,00-0034365,ian thomas,Ian Thomas,TE,0.0764360069792068,2026-09-25
2026,3,00-0037004,hunter long,Hunter Long,TE,0.0759935086368137,2026-09-25
2026,3,00-0038465,malik heath,Malik Heath,WR,0.0757443648315982,2026-09-25
2026,3,00-0035500,greg dortch,Greg Dortch,WR,0.07490348958413,2026-09-25
2026,3,00-0034981,foster moreau,Foster Moreau,TE,0.0740440553123479,2026-09-25
2026,3,00-0037340,zaire mitchell paden,Zaire Mitchell-Paden,TE,0.07375533428165,2026-09-25
2026,3,00-0038710,blake whiteheart,Blake Whiteheart,TE,0.0733851514339319,2026-09-25
2026,3,00-0035891,cody white,Cody White,WR,0.0732356247950418,2026-09-25
2026,3,00-0038573,derius davis,Derius Davis,WR,0.0710135924071688,2026-09-25
2026,3,00-0035021,ashton dulin,Ashton Dulin,WR,0.0702892139022836,2026-09-25
2026,3,00-0038640,jalen brooks,Jalen Brooks,WR,0.0681150499621393,2026-09-25
2026,3,00-0033357,taysom hill,Taysom Hill,TE,0.0669288213860528,2026-09-25
2026,3,00-0035645,gunner olszewski,Gunner Olszewski,WR,0.065125174732114,2026-09-25
2026,3,00-0036429,charlie woerner,Charlie Woerner,TE,0.0633869793226569,2026-09-25
2026,3,00-0036620,dee eskridge,Dee Eskridge,WR,0.0622259832366215,2026-09-25
2026,3,00-0040317,jacoby jones,Jacoby Jones,WR,0.0613131790269248,2026-09-25
2026,3,00-0036959,michael bandy,Michael Bandy,WR,0.0603310613437195,2026-09-25
2026,3,00-0034073,ross dwelley,Ross Dwelley,TE,0.0594676576154806,2026-09-25
2026,3,00-0036887,luke farrell,Luke Farrell,TE,0.059411886845557,2026-09-25
2026,3,00-0038840,brycen tremayne,Brycen Tremayne,WR,0.0593729444348277,2026-09-25
2026,3,00-0036741,jack stoll,Jack Stoll,TE,0.0589929860850792,2026-09-25
2026,3,00-0036876,kylen granson,Kylen Granson,TE,0.0583234434124527,2026-09-25
2026,3,00-0036590,quintin morris,Quintin Morris,TE,0.0576066589856536,2026-09-25
2026,3,00-0037654,tucker fisk,Tucker Fisk,TE,0.0560055865921787,2026-09-25
2026,3,00-0040075,lajohntay wester,LaJohntay Wester,WR,0.0554209499024072,2026-09-25
2026,3,00-0034798,durham smythe,Durham Smythe,TE,0.0537217869286607,2026-09-25
2026,3,00-0037524,tay martin,Tay Martin,WR,0.0536325579388028,2026-09-25
2026,3,00-0039530,brevyn spann ford,Brevyn Spann-Ford,TE,0.0534651261312143,2026-09-25
2026,3,00-0036463,chris blair,Chris Blair,WR,0.0526969178082191,2026-09-25
2026,3,00-0034419,braxton berrios,Braxton Berrios,WR,0.0499709153122326,2026-09-25
2026,3,00-0040009,savion williams,Savion Williams,WR,0.0488423843005425,2026-09-25
2026,3,00-0037292,andrew ogletree,Andrew Ogletree,TE,0.0470853491269868,2026-09-25
2026,3,00-0040363,keleki latu,Keleki Latu,TE,0.0460552849212643,2026-09-25
2026,3,00-0031484,chris manhertz,Chris Manhertz,TE,0.0432988864856204,2026-09-25
2026,3,00-0037093,dareke young,Dareke Young,WR,0.0426904144649217,2026-09-25
2026,3,00-0040563,efton chism,Efton Chism III,WR,0.0404114690498146,2026-09-25
2026,3,00-0039631,cam grandy,Cam Grandy,TE,0.0398267008985879,2026-09-25
2026,3,00-0035876,andre baccellia,Andre Baccellia,WR,0.0381561724215752,2026-09-25
2026,3,00-0039920,malachi corley,Malachi Corley,WR,0.0379043309465348,2026-09-25
2026,3,00-0033576,eric saubert,Eric Saubert,TE,0.0376211807410621,2026-09-25
2026,3,00-0036332,josiah deguara,Josiah Deguara,TE,0.0368203593636326,2026-09-25
2026,3,00-0036862,ben skowronek,Ben Skowronek,WR,0.035853215598872,2026-09-25
2026,3,00-0039650,bryce oliver,Bryce Oliver,WR,0.0352025479530489,2026-09-25
2026,3,00-0039648,david martin robinson,David Martin-Robinson,TE,0.0332596351048569,2026-09-25
2026,3,00-0036497,tim jones,Tim Jones,WR,0.0332224958949096,2026-09-25
2026,3,00-0040509,ben yurosek,Ben Yurosek,TE,0.0319265995267901,2026-09-25
2026,3,00-0038752,jake bobo,Jake Bobo,WR,0.0300371829326657,2026-09-25
2026,3,00-0039050,payne durham,Payne Durham,TE,0.0291576225740551,2026-09-25
2026,3,00-0039305,jack westover,Jack Westover,TE,0.0284090909090909,2026-09-25
2026,3,00-0040352,coleman owen,Coleman Owen,WR,0.027147134884987,2026-09-25
2026,3,00-0035956,giovanni ricci,Giovanni Ricci,TE,0.0262554630164096,2026-09-25
2026,3,00-0035544,tom kennedy,Tom Kennedy,WR,0.026100587095468,2026-09-25
2026,3,00-0039686,colson yankoff,Colson Yankoff,TE,0.0248319367748054,2026-09-25
2026,3,00-0037487,deven thompkins,Deven Thompkins,WR,0.0241475667669379,2026-09-25
2026,3,00-0037132,britain covey,Britain Covey,WR,0.0231968562120041,2026-09-25
2026,3,00-0033589,david moore,David Moore,WR,0.0227748691099476,2026-09-25
2026,3,00-0038492,jason brownlee,Jason Brownlee,WR,0.0219576348460405,2026-09-25
2026,3,00-0040058,nick kallerup,Nick Kallerup,TE,0.020985445001193,2026-09-25
2026,3,00-0033757,robert tonyan,Robert Tonyan,TE,0.0204785410667763,2026-09-25
2026,3,00-0039589,kameron johnson,Kameron Johnson,WR,0.0201671214929611,2026-09-25
2026,3,00-0035602,alex bachman,Alex Bachman,WR,0.0194616373343879,2026-09-25
2026,3,00-0034928,steven sims,Steven Sims,WR,0.018203940770456,2026-09-25
2026,3,00-0039824,jared wiley,Jared Wiley,TE,0.0176361713379164,2026-09-25
2026,3,00-0040154,tai felton,Tai Felton,WR,0.016275147928994,2026-09-25
2026,3,00-0039754,devin culp,Devin Culp,TE,0.0162600716204118,2026-09-25
2026,3,00-0040506,myles price,Myles Price,WR,0.0159623609923011,2026-09-25
2026,3,00-0038496,xavier gipson,Xavier Gipson,WR,0.0156401384083045,2026-09-25
2026,3,00-0036331,devin duvernay,Devin Duvernay,WR,0.0154030910609857,2026-09-25
2026,3,00-0040488,carter runyon,Carter Runyon,TE,0.0146853146853146,2026-09-25
2026,3,00-0033439,pharaoh brown,Pharaoh Brown,TE,0.0146046050942173,2026-09-25
2026,3,00-0034867,malik turner,Malik Turner,WR,0.0125980392156862,2026-09-25
2026,3,00-0038576,charlie jones,Charlie Jones,WR,0.0104644268774703,2026-09-25
2026,3,00-0039816,anthony gould,Anthony Gould,WR,0.0063807324427949,2026-09-25
2026,3,00-0040534,keshawn williams,Ke'Shawn Williams,WR,0.006024465623225,2026-09-25
2026,3,00-0038643,brayden willis,Brayden Willis,TE,0.0054798859676908,2026-09-25
2026,3,00-0038519,nikko remigio,Nikko Remigio,WR,0.0039692414431082,2026-09-25
2026,3,00-0031763,deandre carter,DeAndre Carter,WR,0.0,2026-09-25
2026,3,00-0034054,river cracraft,River Cracraft,WR,0.0,2026-09-25
2026,3,00-0033572,jamal agnew,Jamal Agnew,WR,0.0,2026-09-25
2026,3,00-0037311,ko kieft,Ko Kieft,TE,0.0,2026-09-25
2026,3,00-0035639,parris campbell,Parris Campbell,WR,0.0,2026-09-25
2026,3,00-0036527,dj turner,DJ Turner,WR,0.0,2026-09-25
2026,3,00-0039710,jeshaun jones,Jeshaun Jones,WR,0.0,2026-09-25
2026,3,00-0039489,hayden rucci,Hayden Rucci,TE,0.0,2026-09-25
2026,3,00-0038911,malik cunningham,Malik Cunningham,WR,0.0,2026-09-25
2026,3,00-0038740,jalen moreno cropper,Jalen Moreno-Cropper,WR,0.0,2026-09-25
2026,3,00-0038735,princeton fant,Princeton Fant,TE,0.0,2026-09-25
2026,3,00-0038590,justin shorter,Justin Shorter,TE,0.0,2026-09-25
2026,3,00-0038564,cameron latu,Cameron Latu,TE,0.0,2026-09-25
2026,3,00-0038498,ej jenkins,E.J. Jenkins,TE,0.0,2026-09-25
2026,3,00-0040225,thomas fidone,Thomas Fidone II,TE,0.0,2026-09-25
2026,3,00-0040241,dominic lovett,Dominic Lovett,WR,0.0,2026-09-25
2026,3,00-0038456,travis vokolek,Travis Vokolek,TE,0.0,2026-09-25
2026,3,00-0037745,velus jones,Velus Jones Jr.,WR,0.0,2026-09-25
2026,3,00-0040431,dalen cambre,Dalen Cambre,WR,0.0,2026-09-25
2026,3,00-0037380,kaden davis,Kaden Davis,WR,0.0,2026-09-25
2026,3,00-0037277,teagan quitoriano,Teagan Quitoriano,TE,0.0,2026-09-25
2026,3,00-0040629,dalevon campbell,Dalevon Campbell,WR,0.0,2026-09-25
2026,3,00-0037031,nikola kalinic,Nikola Kalinic,TE,0.0,2026-09-25
2026,3,00-0036825,feleipe franks,Feleipe Franks,TE,0.0,2026-09-25
2026,3,00-0036646,simi fehoko,Simi Fehoko,WR,0.0,2026-09-25
2026,3,00-0024243,marcedes lewis,Marcedes Lewis,TE,0.0,2026-09-25
2026,4,00-0038543,jaxon smith njigba,Jaxon Smith-Njigba,WR,0.9093165443748171,2026-09-30
2026,4,00-0037740,garrett wilson,Garrett Wilson,WR,0.7823869864489447,2026-09-30
2026,4,00-0037239,chris olave,Chris Olave,WR,0.7556825352186327,2026-09-30
2026,4,00-0036963,amon ra st brown,Amon-Ra St. Brown,WR,0.741363731987688,2026-09-30
2026,4,00-0040388,jakobie keeney james,Jakobie Keeney-James,WR,0.72,2026-09-30
2026,4,00-0036912,devonta smith,DeVonta Smith,WR,0.7122325348867289,2026-09-30
2026,4,00-0039075,puka nacua,Puka Nacua,WR,0.706839251843338,2026-09-30
2026,4,00-0033040,tyreek hill,Tyreek Hill,WR,0.7022035187344724,2026-09-30
2026,4,00-0037238,drake london,Drake London,WR,0.6927580739221563,2026-09-30
2026,4,00-0031381,davante adams,Davante Adams,WR,0.670416528314305,2026-09-30
2026,4,00-0036900,jamarr chase,Ja'Marr Chase,WR,0.669314210441179,2026-09-30
2026,4,00-0036322,justin jefferson,Justin Jefferson,WR,0.6682106688983026,2026-09-30
2026,4,00-0039064,zay flowers,Zay Flowers,WR,0.6649997699489087,2026-09-30
2026,4,00-0039337,malik nabers,Malik Nabers,WR,0.6608161973840926,2026-09-30
2026,4,00-0036554,nico collins,Nico Collins,WR,0.6456751329694255,2026-09-30
2026,4,00-0036358,ceedee lamb,CeeDee Lamb,WR,0.6436237866524417,2026-09-30
2026,4,00-0036613,jaylen waddle,Jaylen Waddle,WR,0.6428718946737972,2026-09-30
2026,4,00-0038606,parker washington,Parker Washington,WR,0.6262808711074456,2026-09-30
2026,4,00-0038559,michael wilson,Michael Wilson,WR,0.6243370839640849,2026-09-30
2026,4,00-0039338,brock bowers,Brock Bowers,TE,0.6191525028840451,2026-09-30
2026,4,00-0035640,dk metcalf,DK Metcalf,WR,0.6106999275297934,2026-09-30
2026,4,00-0037744,trey mcbride,Trey McBride,TE,0.6105251975852081,2026-09-30
2026,4,00-0035659,terry mclaurin,Terry McLaurin,WR,0.6056601609533631,2026-09-30
2026,4,00-0040124,tetairoa mcmillan,Tetairoa McMillan,WR,0.6016289725663073,2026-09-30
2026,4,00-0035676,aj brown,A.J. Brown,WR,0.5969200089105438,2026-09-30
2026,4,00-0037247,george pickens,George Pickens,WR,0.5881427346314998,2026-09-30
2026,4,00-0036410,tee higgins,Tee Higgins,WR,0.5865819737616684,2026-09-30
2026,4,00-0038994,jordan addison,Jordan Addison,WR,0.5823994524449246,2026-09-30
2026,4,00-0040628,drake dabney,Drake Dabney,TE,0.5800000000000001,2026-09-30
2026,4,00-0039890,adonai mitchell,Adonai Mitchell,WR,0.5683551646280788,2026-09-30
2026,4,00-0040129,emeka egbuka,Emeka Egbuka,WR,0.5601384252510145,2026-09-30
2026,4,00-0038117,wandale robinson,Wan'Dale Robinson,WR,0.5554432502732948,2026-09-30
2026,4,00-0038124,christian watson,Christian Watson,WR,0.5496678361330075,2026-09-30
2026,4,00-0031408,mike evans,Mike Evans,WR,0.5452016658094586,2026-09-30
2026,4,00-0038997,josh downs,Josh Downs,WR,0.5404104056079283,2026-09-30
2026,4,00-0039919,rome odunze,Rome Odunze,WR,0.5391154117637387,2026-09-30
2026,4,00-0039916,ricky pearsall,Ricky Pearsall,WR,0.5180010012322859,2026-09-30
2026,4,00-0034348,courtland sutton,Courtland Sutton,WR,0.5159360379829202,2026-09-30
2026,4,00-0037664,alec pierce,Alec Pierce,WR,0.5047866339356556,2026-09-30
2026,4,00-0039067,rashee rice,Rashee Rice,WR,0.49247170780994304,2026-09-30
2026,4,00-0037240,jameson williams,Jameson Williams,WR,0.48741041280397557,2026-09-30
2026,4,00-0031588,stefon diggs,Stefon Diggs,WR,0.4809459295026774,2026-09-30
2026,4,00-0030279,keenan allen,Keenan Allen,WR,0.4789993406740942,2026-09-30
2026,4,00-0034827,dj moore,DJ Moore,WR,0.4749607096952469,2026-09-30
2026,4,00-0038563,tre tucker,Tre Tucker,WR,0.47304876810104995,2026-09-30
2026,4,00-0038544,quentin johnston,Quentin Johnston,WR,0.4729116486723675,2026-09-30
2026,4,00-0040667,matthew golden,Matthew Golden,WR,0.46926954419054195,2026-09-30
2026,4,00-0040663,harold fannin,Harold Fannin Jr.,TE,0.4679202127628375,2026-09-30
2026,4,00-0039915,ladd mcconkey,Ladd McConkey,WR,0.4667952740647019,2026-09-30
2026,4,00-0041438,carnell tate,Carnell Tate,WR,0.4647557117396821,2026-09-30
2026,4,00-0033288,george kittle,George Kittle,TE,0.45857638078670676,2026-09-30
2026,4,00-0039880,malik washington,Malik Washington,WR,0.45651346629667033,2026-09-30
2026,4,00-0039893,brian thomas,Brian Thomas Jr.,WR,0.4379650493656692,2026-09-30
2026,4,00-0033555,mack hollins,Mack Hollins,WR,0.4344228815045454,2026-09-30
2026,4,00-0030506,travis kelce,Travis Kelce,TE,0.4344127188203121,2026-09-30
2026,4,00-0036407,jerry jeudy,Jerry Jeudy,WR,0.43276086990243073,2026-09-30
2026,4,00-0037816,romeo doubs,Romeo Doubs,WR,0.4306411712639477,2026-09-30
2026,4,00-0034753,mark andrews,Mark Andrews,TE,0.42729960526045674,2026-09-30
2026,4,00-0039491,jalen coker,Jalen Coker,WR,0.42707141508722696,2026-09-30
2026,4,00-0034960,jakobi meyers,Jakobi Meyers,WR,0.427029411015778,2026-09-30
2026,4,00-0040735,luther burden,Luther Burden III,WR,0.4234391037209834,2026-09-30
2026,4,00-0041037,denzel boston,Denzel Boston,WR,0.42050003047805024,2026-09-30
2026,4,00-0038933,dalton kincaid,Dalton Kincaid,TE,0.4201762776226134,2026-09-30
2026,4,00-0034383,dalton schultz,Dalton Schultz,TE,0.4146140053766012,2026-09-30
2026,4,00-0037838,isaiah likely,Isaiah Likely,TE,0.4118995280524902,2026-09-30
2026,4,00-0040128,tyler warren,Tyler Warren,TE,0.40465734524569674,2026-09-30
2026,4,00-0039894,xavier worthy,Xavier Worthy,WR,0.40280831339807927,2026-09-30
2026,4,00-0033943,josh reynolds,Josh Reynolds,WR,0.4014603339952473,2026-09-30
2026,4,00-0038393,dontayvion wicks,Dontayvion Wicks,WR,0.3958800097955937,2026-09-30
2026,4,00-0035535,darius slayton,Darius Slayton,WR,0.39573476136893815,2026-09-30
2026,4,00-0040170,elic ayomanor,Elic Ayomanor,WR,0.3930920131053684,2026-09-30
2026,4,00-0039849,marvin harrison,Marvin Harrison Jr.,WR,0.3882037778644896,2026-09-30
2026,4,00-0041547,kc concepcion,KC Concepcion,WR,0.3861112558674125,2026-09-30
2026,4,00-0037261,khalil shakir,Khalil Shakir,WR,0.38142689909438326,2026-09-30
2026,4,00-0036252,michael pittman,Michael Pittman,WR,0.3773043823784872,2026-09-30
2026,4,00-0030061,zach ertz,Zach Ertz,TE,0.3734591030202373,2026-09-30
2026,4,00-0038618,xavier hutchinson,Xavier Hutchinson,WR,0.3718888549904437,2026-09-30
2026,4,00-0039424,devaughn vele,Devaughn Vele,WR,0.37161048897803034,2026-09-30
2026,4,00-0037837,calvin austin,Calvin Austin III,WR,0.3671899325376232,2026-09-30
2026,4,00-0035719,deebo samuel,Deebo Samuel Sr.,WR,0.3612394814787769,2026-09-30
2026,4,00-0036550,rashod bateman,Rashod Bateman,WR,0.36111991827299733,2026-09-30
2026,4,00-0037545,rashid shaheed,Rashid Shaheed,WR,0.36045898907148616,2026-09-30
2026,4,00-0039065,sam laporta,Sam LaPorta,TE,0.359993439682506,2026-09-30
2026,4,00-0036970,kyle pitts,Kyle Pitts,TE,0.3595451614765827,2026-09-30
2026,4,00-0040311,theo wease,Theo Wease Jr.,WR,0.3582508250825083,2026-09-30
2026,4,00-0039901,keon coleman,Keon Coleman,WR,0.3551161879763132,2026-09-30
2026,4,00-0036259,jauan jennings,Jauan Jennings,WR,0.35499833325716496,2026-09-30
2026,4,00-0038129,cade otton,Cade Otton,TE,0.35483979793451037,2026-09-30
2026,4,00-0035229,tj hockenson,T.J. Hockenson,TE,0.35291319564831286,2026-09-30
2026,4,00-0034351,dallas goedert,Dallas Goedert,TE,0.35144459625770075,2026-09-30
2026,4,00-0037741,jahan dotson,Jahan Dotson,WR,0.34899179987893186,2026-09-30
2026,4,00-0036040,juwan johnson,Juwan Johnson,TE,0.34550964255778555,2026-09-30
2026,4,00-0041042,malachi fields,Malachi Fields,WR,0.3406731568183882,2026-09-30
2026,4,00-0039739,roman wilson,Roman Wilson,WR,0.3397048619002166,2026-09-30
2026,4,00-0041523,caleb douglas,Caleb Douglas,WR,0.3369850967654428,2026-09-30
2026,4,00-0036309,darnell mooney,Darnell Mooney,WR,0.3366305931045542,2026-09-30
2026,4,00-0040736,mason taylor,Mason Taylor,TE,0.33257684753767663,2026-09-30
2026,4,00-0041048,ted hurst,Ted Hurst III,WR,0.32712291308583985,2026-09-30
2026,4,00-0038996,tucker kraft,Tucker Kraft,TE,0.3270207545434652,2026-09-30
2026,4,00-0039342,xavier legette,Xavier Legette,WR,0.32404828695655297,2026-09-30
2026,4,00-0033090,hunter henry,Hunter Henry,TE,0.3218306721228542,2026-09-30
2026,4,00-0036415,van jefferson,Van Jefferson,WR,0.3199423990036584,2026-09-30
2026,4,00-0039884,tahj washington,Tahj Washington,WR,0.31888761425452394,2026-09-30
2026,4,00-0039868,troy franklin,Troy Franklin,WR,0.31826051944115846,2026-09-30
2026,4,00-0038104,tyquan thornton,Tyquan Thornton,WR,0.31642063216551736,2026-09-30
2026,4,00-0034837,calvin ridley,Calvin Ridley,WR,0.313855325002866,2026-09-30
2026,4,00-0040130,jayden higgins,Jayden Higgins,WR,0.31226130297300114,2026-09-30
2026,4,00-0034983,hunter renfrow,Hunter Renfrow,WR,0.3092968408085196,2026-09-30
2026,4,00-0032464,kalif raymond,Kalif Raymond,WR,0.30820230236135787,2026-09-30
2026,4,00-0038621,demario douglas,DeMario Douglas,WR,0.3077591291081262,2026-09-30
2026,4,00-0033908,cooper kupp,Cooper Kupp,WR,0.30567432784402565,2026-09-30
2026,4,00-0039410,ryan flournoy,Ryan Flournoy,WR,0.30497527466484603,2026-09-30
2026,4,00-0040727,tre harris,Tre Harris,WR,0.303713961739503,2026-09-30
2026,4,00-0033921,chris godwin,Chris Godwin Jr.,WR,0.3034742026776923,2026-09-30
2026,4,00-0038935,brenton strange,Brenton Strange,TE,0.3024819559463841,2026-09-30
2026,4,00-0036423,albert okwuegbunam,Albert Okwuegbunam,TE,0.3016393442622951,2026-09-30
2026,4,00-0037291,jalen nailor,Jalen Nailor,WR,0.3014324238899815,2026-09-30
2026,4,00-0031610,darren waller,Darren Waller,TE,0.2999323727165095,2026-09-30
2026,4,00-0034775,christian kirk,Christian Kirk,WR,0.29934549112092657,2026-09-30
2026,4,00-0040581,donte thornton,Dont'e Thornton Jr.,WR,0.29877208638736763,2026-09-30
2026,4,00-0039146,jayden reed,Jayden Reed,WR,0.294726327727474,2026-09-30
2026,4,00-0038979,cedric tillman,Cedric Tillman,WR,0.2932467837434375,2026-09-30
2026,4,00-0039847,theo johnson,Theo Johnson,TE,0.2919529162724239,2026-09-30
2026,4,00-0034829,mike gesicki,Mike Gesicki,TE,0.2885811710472201,2026-09-30
2026,4,00-0041525,chris bell,Chris Bell,WR,0.28691992456600285,2026-09-30
2026,4,00-0040126,colston loveland,Colston Loveland,TE,0.28454997107204477,2026-09-30
2026,4,00-0037809,chig okonkwo,Chig Okonkwo,TE,0.28212231110771896,2026-09-30
2026,4,00-0037252,greg dulcich,Greg Dulcich,TE,0.27842610502795595,2026-09-30
2026,4,00-0032688,robbie chosen,Robbie Chosen,WR,0.2770115973218556,2026-09-30
2026,4,00-0041489,germie bernard,Germie Bernard,WR,0.27573626585232447,2026-09-30
2026,4,00-0039066,michael mayer,Michael Mayer,TE,0.27539124408041366,2026-09-30
2026,4,00-0037015,sal cannella,Sal Cannella,TE,0.27177033492822966,2026-09-30
2026,4,00-0033885,david njoku,David Njoku,TE,0.27125934173322874,2026-09-30
2026,4,00-0040522,xavier restrepo,Xavier Restrepo,WR,0.2691844536476585,2026-09-30
2026,4,00-0036894,pat freiermuth,Pat Freiermuth,TE,0.26879591832001065,2026-09-30
2026,4,00-0035662,marquise brown,Marquise Brown,WR,0.26842825213864296,2026-09-30
2026,4,00-0033110,tyler higbee,Tyler Higbee,TE,0.2679597327621511,2026-09-30
2026,4,00-0033307,kendrick bourne,Kendrick Bourne,WR,0.26594853745515223,2026-09-30
2026,4,00-0041040,antonio williams,Antonio Williams,WR,0.2640568810005288,2026-09-30
2026,4,00-0036988,josh palmer,Josh Palmer,WR,0.2638536578023893,2026-09-30
2026,4,00-0038608,kayshon boutte,Kayshon Boutte,WR,0.26352339476067527,2026-09-30
2026,4,00-0038041,jake ferguson,Jake Ferguson,TE,0.2631710144964397,2026-09-30
2026,4,00-0040648,tory horton,Tory Horton,WR,0.2623153951374828,2026-09-30
2026,4,00-0036626,dyami brown,Dyami Brown,WR,0.26175117645357737,2026-09-30
2026,4,00-0032398,chris moore,Chris Moore,WR,0.26156808651748786,2026-09-30
2026,4,00-0038809,ben sims,Ben Sims,TE,0.2608135067238067,2026-09-30
2026,4,00-0041550,brenen thompson,Brenen Thompson,WR,0.2605297140875662,2026-09-30
2026,4,00-0036196,gabe davis,Gabe Davis,WR,0.2578061100485042,2026-09-30
2026,4,00-0032775,demarcus robinson,Demarcus Robinson,WR,0.25754301631841336,2026-09-30
2026,4,00-0033591,noah brown,Noah Brown,WR,0.2569020866773676,2026-09-30
2026,4,00-0039394,casey washington,Casey Washington,WR,0.25688403469322196,2026-09-30
2026,4,00-0040237,tez johnson,Tez Johnson,WR,0.2547582058493189,2026-09-30
2026,4,00-0040870,jakobi lane,Ja'Kobi Lane,WR,0.25407801205396763,2026-09-30
2026,4,00-0037112,jake tonges,Jake Tonges,TE,0.2529166767123948,2026-09-30
2026,4,00-0031236,brandin cooks,Brandin Cooks,WR,0.2505863864784292,2026-09-30
2026,4,00-0030564,deandre hopkins,DeAndre Hopkins,WR,0.250103127146966,2026-09-30
2026,4,00-0036165,isaiah hodgins,Isaiah Hodgins,WR,0.24879927583194794,2026-09-30
2026,4,00-0041529,kevin coleman,Kevin Coleman Jr.,WR,0.24856206789106938,2026-09-30
2026,4,00-0040782,isaiah bond,Isaiah Bond,WR,0.2480119943721254,2026-09-30
2026,4,00-0040189,oronde gadsden,Oronde Gadsden II,TE,0.24780480798048385,2026-09-30
2026,4,00-0039855,jalen mcmillan,Jalen McMillan,WR,0.24758407775348176,2026-09-30
2026,4,00-0035359,david sills,David Sills,WR,0.2458090608461857,2026-09-30
2026,4,00-0040584,gunnar helm,Gunnar Helm,TE,0.24531029035116922,2026-09-30
2026,4,00-0032211,tyler lockett,Tyler Lockett,WR,0.24483740264516213,2026-09-30
2026,4,00-0039793,aj barner,AJ Barner,TE,0.24403181099571447,2026-09-30
2026,4,00-0033891,zay jones,Zay Jones,WR,0.24156540044014924,2026-09-30
2026,4,00-0037742,treylon burks,Treylon Burks,WR,0.23948488182245983,2026-09-30
2026,4,00-0040867,makai lemon,Makai Lemon,WR,0.2390079273969938,2026-09-30
2026,4,00-0038839,mitchell tinsley,Mitchell Tinsley,WR,0.23859091868256005,2026-09-30
2026,4,00-0041032,kenyon sadiq,Kenyon Sadiq,TE,0.2319406781997547,2026-09-30
2026,4,00-0037614,john metchie,John Metchie III,WR,0.23156816080240272,2026-09-30
2026,4,00-0040134,pat bryant,Pat Bryant,WR,0.2310063948098625,2026-09-30
2026,4,00-0031235,odell beckham,Odell Beckham Jr.,WR,0.23061571046666607,2026-09-30
2026,4,00-0036534,shane zylstra,Shane Zylstra,TE,0.22859559007767477,2026-09-30
2026,4,00-0035208,olamide zaccheaus,Olamide Zaccheaus,WR,0.2278960870807,2026-09-30
2026,4,00-0032385,sterling shepard,Sterling Shepard,WR,0.2261347983916089,2026-09-30
2026,4,00-0037231,kevin austin,Kevin Austin Jr.,WR,0.22420248422712932,2026-09-30
2026,4,00-0033881,evan engram,Evan Engram,TE,0.22087304971613061,2026-09-30
2026,4,00-0036427,tyler johnson,Tyler Johnson,WR,0.22011345396176857,2026-09-30
2026,4,00-0038938,jalin hyatt,Jalin Hyatt,WR,0.21943689150074552,2026-09-30
2026,4,00-0040590,konata mumpfield,Konata Mumpfield,WR,0.21610549487729433,2026-09-30
2026,4,00-0041067,bryce lance,Bryce Lance,WR,0.21200507103546462,2026-09-30
2026,4,00-0037666,jalen tolbert,Jalen Tolbert,WR,0.21146221762455794,2026-09-30
2026,4,00-0040890,cyrus allen,Cyrus Allen,WR,0.21023720008815566,2026-09-30
2026,4,00-0035406,liljordan humphrey,Lil'Jordan Humphrey,WR,0.20946964741685037,2026-09-30
2026,4,00-0041467,lewis bond,Lewis Bond,WR,0.20905353163830018,2026-09-30
2026,4,00-0041511,omar cooper,Omar Cooper Jr.,WR,0.20855009492278964,2026-09-30
2026,4,00-0037098,samori toure,Samori Toure,WR,0.20816521554470163,2026-09-30
2026,4,00-0038619,andrei iosivas,Andrei Iosivas,WR,0.20461960828081743,2026-09-30
2026,4,00-0040390,jackson meeks,Jackson Meeks,WR,0.20448497143270122,2026-09-30
2026,4,00-0038679,tyrell shavers,Tyrell Shavers,WR,0.20426862207638902,2026-09-30
2026,4,00-0040894,malik benson,Malik Benson,WR,0.20363586188276886,2026-09-30
2026,4,00-0040737,terrance ferguson,Terrance Ferguson,TE,0.20121799409527583,2026-09-30
2026,4,00-0038728,jared wayne,Jared Wayne,WR,0.20116682512968467,2026-09-30
2026,4,00-0034272,marquez valdes scantling,Marquez Valdes-Scantling,WR,0.2010985525651441,2026-09-30
2026,4,00-0040669,isaac teslaa,Isaac TeSlaa,WR,0.20033086919413823,2026-09-30
2026,4,00-0040729,jack bech,Jack Bech,WR,0.20030655311940354,2026-09-30
2026,4,00-0038647,ronnie bell,Ronnie Bell,WR,0.19603507434235606,2026-09-30
2026,4,00-0036133,james proche,James Proche,WR,0.19417034425655777,2026-09-30
2026,4,00-0039356,jatavion sanders,Ja'Tavion Sanders,TE,0.1932775957120079,2026-09-30
2026,4,00-0041292,kolbe katsis,Kolbe Katsis,WR,0.1877585676095232,2026-09-30
2026,4,00-0040405,jamaal pritchett,Jamaal Pritchett,WR,0.1877585676095232,2026-09-30
2026,4,00-0041267,malik mcclain,Malik McClain,WR,0.1877585676095232,2026-09-30
2026,4,00-0041132,deion burks,Deion Burks,WR,0.1877585676095232,2026-09-30
2026,4,00-0040621,montorie foster,Montorie Foster Jr,WR,0.1877585676095232,2026-09-30
2026,4,00-0040785,dohnte meyers,Dohnte Meyers,WR,0.18515360493951527,2026-09-30
2026,4,00-0038558,darnell washington,Darnell Washington,TE,0.18428740152028347,2026-09-30
2026,4,00-0041100,josh cameron,Josh Cameron,WR,0.1842625817909164,2026-09-30
2026,4,00-0037005,tommy tremble,Tommy Tremble,TE,0.18298767074925895,2026-09-30
2026,4,00-0039792,devontez walker,Devontez Walker,WR,0.18297171140801616,2026-09-30
2026,4,00-0040948,j michael sturdivant,J. Michael Sturdivant,WR,0.1826103910651105,2026-09-30
2026,4,00-0036290,cole kmet,Cole Kmet,TE,0.18204802959055374,2026-09-30
2026,4,00-0040705,chimere dike,Chimere Dike,WR,0.18107489174470184,2026-09-30
2026,4,00-0030035,adam thielen,Adam Thielen,WR,0.18009956206041644,2026-09-30
2026,4,00-0032392,austin hooper,Austin Hooper,TE,0.17993098922403808,2026-09-30
2026,4,00-0038891,shedrick jackson,Shedrick Jackson,WR,0.17789634146341463,2026-09-30
2026,4,00-0033858,jonnu smith,Jonnu Smith,TE,0.17770621253623847,2026-09-30
2026,4,00-0039144,luke musgrave,Luke Musgrave,TE,0.17767326732673266,2026-09-30
2026,4,00-0038976,marvin mims,Marvin Mims Jr.,WR,0.17716331030654414,2026-09-30
2026,4,00-0041069,colbie young,Colbie Young,WR,0.172390949948185,2026-09-30
2026,4,00-0035644,noah fant,Noah Fant,TE,0.17229509441268986,2026-09-30
2026,4,00-0039451,isaiah williams,Isaiah Williams,WR,0.17198546169862003,2026-09-30
2026,4,00-0041044,zachariah branch,Zachariah Branch,WR,0.1717370188173077,2026-09-30
2026,4,00-0039365,jacob cowing,Jacob Cowing,WR,0.17061397384794427,2026-09-30
2026,4,00-0036849,tutu atwell,Tutu Atwell,WR,0.168849104826758,2026-09-30
2026,4,00-0035298,scott miller,Scott Miller,WR,0.16519137338547218,2026-09-30
2026,4,00-0033857,juju smith schuster,JuJu Smith-Schuster,WR,0.1626902333529129,2026-09-30
2026,4,00-0040172,jordan watkins,Jordan Watkins,WR,0.1603419612782251,2026-09-30
2026,4,00-0040138,jaylin noel,Jaylin Noel,WR,0.16011464996683966,2026-09-30
2026,4,00-0041051,zavion thomas,Zavion Thomas,WR,0.15658720168120144,2026-09-30
2026,4,00-0040131,kyle williams,Kyle Williams,WR,0.15638410245104514,2026-09-30
2026,4,00-0034407,ray ray mccloud,Ray-Ray McCloud,WR,0.1558708332750493,2026-09-30
2026,4,00-0035689,dawson knox,Dawson Knox,TE,0.15496565368937792,2026-09-30
2026,4,00-0036637,noah gray,Noah Gray,TE,0.15281994233425142,2026-09-30
2026,4,00-0036841,austin trammell,Austin Trammell,WR,0.15148979985842076,2026-09-30
2026,4,00-0039814,erick all,Erick All,TE,0.15080738514844275,2026-09-30
2026,4,00-0040739,elijah arroyo,Elijah Arroyo,TE,0.1504012015067129,2026-09-30
2026,4,00-0041099,barion brown,Barion Brown,WR,0.15020685408761855,2026-09-30
2026,4,00-0033282,curtis samuel,Curtis Samuel,WR,0.14911767317581148,2026-09-30
2026,4,00-0036980,elijah moore,Elijah Moore,WR,0.14679292929292928,2026-09-30
2026,4,00-0038953,dylan drummond,Dylan Drummond,WR,0.14435612082670907,2026-09-30
2026,4,00-0041558,sam roush,Sam Roush,TE,0.14414749753963263,2026-09-30
2026,4,00-0036244,colby parkinson,Colby Parkinson,TE,0.1426213644506034,2026-09-30
2026,4,00-0037348,tanner conner,Tanner Conner,TE,0.1417930565446342,2026-09-30
2026,4,00-0039521,xavier weaver,Xavier Weaver,WR,0.13865511089761337,2026-09-30
2026,4,00-0034521,allen lazard,Allen Lazard,WR,0.13846411935599687,2026-09-30
2026,4,00-0040887,josh cuevas,Josh Cuevas,TE,0.13717917574762706,2026-09-30
2026,4,00-0040879,matthew hibner,Matthew Hibner,TE,0.13705704495061477,2026-09-30
2026,4,00-0037805,jeremy ruckert,Jeremy Ruckert,TE,0.13543694090051328,2026-09-30
2026,4,00-0041395,eli raridon,Eli Raridon,TE,0.1344947965604463,2026-09-30
2026,4,00-0039623,mason tipton,Mason Tipton,WR,0.1341205465776502,2026-09-30
2026,4,00-0041472,marlin klein,Marlin Klein,TE,0.13396884314233704,2026-09-30
2026,4,00-0041041,oscar delp,Oscar Delp,TE,0.13362758159477253,2026-09-30
2026,4,00-0034418,cedrick wilson,Cedrick Wilson Jr.,WR,0.13091231595140176,2026-09-30
2026,4,00-0037539,lucas krull,Lucas Krull,TE,0.13043478260869565,2026-09-30
2026,4,00-0033375,tim patrick,Tim Patrick,WR,0.12945973883559556,2026-09-30
2026,4,00-0039355,luke mccaffrey,Luke McCaffrey,WR,0.12864583333333335,2026-09-30
2026,4,00-0040194,jackson hawes,Jackson Hawes,TE,0.12822154608460753,2026-09-30
2026,4,00-0038840,brycen tremayne,Brycen Tremayne,WR,0.12770118032367175,2026-09-30
2026,4,00-0040081,jake briningstool,Jake Briningstool,TE,0.12749484105519454,2026-09-30
2026,4,00-0041397,kaden wetjen,Kaden Wetjen,WR,0.1251723784063488,2026-09-30
2026,4,00-0039359,cade stover,Cade Stover,TE,0.12403348569898506,2026-09-30
2026,4,00-0040244,moliki matavao,Moliki Matavao,TE,0.1235224586288416,2026-09-30
2026,4,00-0038720,julian hill,Julian Hill,TE,0.12320329514250544,2026-09-30
2026,4,00-0041503,nate boerkircher,Nate Boerkircher,TE,0.12175279551636786,2026-09-30
2026,4,00-0040164,jaylin lane,Jaylin Lane,WR,0.12113947062716551,2026-09-30
2026,4,00-0034386,justin watson,Justin Watson,WR,0.12083942673296286,2026-09-30
2026,4,00-0039379,jamari thrash,Jamari Thrash,WR,0.12049418957276983,2026-09-30
2026,4,00-0035249,josh oliver,Josh Oliver,TE,0.12012192080728167,2026-09-30
2026,4,00-0037475,stone smartt,Stone Smartt,TE,0.11981925194051293,2026-09-30
2026,4,00-0036182,nick westbrook ikhine,Nick Westbrook-Ikhine,WR,0.11555223808721196,2026-09-30
2026,4,00-0039518,treyton welch,Treyton Welch,TE,0.1155286232614392,2026-09-30
2026,4,00-0040277,jahdae walker,Jahdae Walker,WR,0.1144027404772953,2026-09-30
2026,4,00-0040184,keandre lambert smith,KeAndre Lambert-Smith,WR,0.11358695652173911,2026-09-30
2026,4,00-0039737,tip reiman,Tip Reiman,TE,0.11302950292733324,2026-09-30
2026,4,00-0038090,skyy moore,Skyy Moore,WR,0.11298923565565551,2026-09-30
2026,4,00-0036422,adam trautman,Adam Trautman,TE,0.11288191058493192,2026-09-30
2026,4,00-0036628,john bates,John Bates,TE,0.11256159584270661,2026-09-30
2026,4,00-0038115,daniel bellinger,Daniel Bellinger,TE,0.11181390265308237,2026-09-30
2026,4,00-0040024,darius cooper,Darius Cooper,WR,0.10974541738260074,2026-09-30
2026,4,00-0034159,will dissly,Will Dissly,TE,0.1088076103001476,2026-09-30
2026,4,00-0034613,tanner hudson,Tanner Hudson,TE,0.10843848608597502,2026-09-30
2026,4,00-0040187,mitchell evans,Mitchell Evans,TE,0.10827961162492483,2026-09-30
2026,4,00-0037801,kavontae turpin,KaVontae Turpin,WR,0.1082377382686993,2026-09-30
2026,4,00-0033455,anthony firkser,Anthony Firkser,TE,0.10764803683335465,2026-09-30
2026,4,00-0037086,grant calcaterra,Grant Calcaterra,TE,0.10698594354869019,2026-09-30
2026,4,00-0040218,jimmy horn,Jimmy Horn Jr.,WR,0.10696904487050793,2026-09-30
2026,4,00-0040406,quentin skinner,Quentin Skinner,WR,0.10653798256537982,2026-09-30
2026,4,00-0038783,nate adkins,Nate Adkins,TE,0.10472701747346941,2026-09-30
2026,4,00-0039912,ben sinnott,Ben Sinnott,TE,0.10429305355314569,2026-09-30
2026,4,00-0040432,beaux collins,Beaux Collins,WR,0.10320085047260173,2026-09-30
2026,4,00-0038394,will mallory,Will Mallory,TE,0.1031002847200253,2026-09-30
2026,4,00-0035140,mecole hardman,Mecole Hardman,WR,0.10217511013215859,2026-09-30
2026,4,00-0039074,davis allen,Davis Allen,TE,0.09995142004229596,2026-09-30
2026,4,00-0038046,charlie kolar,Charlie Kolar,TE,0.09988590142500946,2026-09-30
2026,4,00-0033246,johnny mundt,Johnny Mundt,TE,0.0985724146942331,2026-09-30
2026,4,00-0041524,will kacmarek,Will Kacmarek,TE,0.09793335219968918,2026-09-30
2026,4,00-0034981,foster moreau,Foster Moreau,TE,0.09731863626314374,2026-09-30
2026,4,00-0039041,elijah higgins,Elijah Higgins,TE,0.09698242810702654,2026-09-30
2026,4,00-0034860,dante pettis,Dante Pettis,WR,0.0962500734331102,2026-09-30
2026,4,00-0036754,brock wright,Brock Wright,TE,0.09522746119201757,2026-09-30
2026,4,00-0040582,arian smith,Arian Smith,WR,0.09318588778812312,2026-09-30
2026,4,00-0039751,jordan whittington,Jordan Whittington,WR,0.0925893506086031,2026-09-30
2026,4,00-0035891,cody white,Cody White,WR,0.09249080800644756,2026-09-30
2026,4,00-0041131,carsen ryan,Carsen Ryan,TE,0.09242289860915136,2026-09-30
2026,4,00-0037317,nick muse,Nick Muse,TE,0.09242289860915136,2026-09-30
2026,4,00-0041094,bauer sharp,Bauer Sharp,TE,0.09242289860915136,2026-09-30
2026,4,00-0040259,gage larvadain,Gage Larvadain,WR,0.09156397245378761,2026-09-30
2026,4,00-0033217,mo alie cox,Mo Alie-Cox,TE,0.08937865873605229,2026-09-30
2026,4,00-0038824,ryan miller,Ryan Miller,WR,0.08787299071548815,2026-09-30
2026,4,00-0037282,james mitchell,James Mitchell,TE,0.08771978457151909,2026-09-30
2026,4,00-0034270,tyler conklin,Tyler Conklin,TE,0.0875783699059561,2026-09-30
2026,4,00-0037091,bo melton,Bo Melton,WR,0.08657328754545561,2026-09-30
2026,4,00-0039062,jonathan mingo,Jonathan Mingo,WR,0.0848369562715349,2026-09-30
2026,4,00-0035631,drew sample,Drew Sample,TE,0.08463486605714442,2026-09-30
2026,4,00-0039458,brenden bates,Brenden Bates,TE,0.08453530734051623,2026-09-30
2026,4,00-0037755,jelani woods,Jelani Woods,TE,0.08436805592889271,2026-09-30
2026,4,00-0038547,luke schoonmaker,Luke Schoonmaker,TE,0.083854365753145,2026-09-30
2026,4,00-0032951,laquon treadwell,Laquon Treadwell,WR,0.08259024623475975,2026-09-30
2026,4,00-0037306,john fitzpatrick,John FitzPatrick,TE,0.0824635933702762,2026-09-30
2026,4,00-0034487,trent sherfield,Trent Sherfield,WR,0.08099186391968775,2026-09-30
2026,4,00-0038589,josh whyle,Josh Whyle,TE,0.0793527723517793,2026-09-30
2026,4,00-0036176,mason kinsey,Mason Kinsey,WR,0.07933634992458521,2026-09-30
2026,4,00-0036232,harrison bryant,Harrison Bryant,TE,0.07813240386367779,2026-09-30
2026,4,00-0040646,jalen royals,Jalen Royals,WR,0.07797132888709564,2026-09-30
2026,4,00-0034365,ian thomas,Ian Thomas,TE,0.07643600697920684,2026-09-30
2026,4,00-0038465,malik heath,Malik Heath,WR,0.0757443648315982,2026-09-30
2026,4,00-0037340,zaire mitchell paden,Zaire Mitchell-Paden,TE,0.07375533428165007,2026-09-30
2026,4,00-0036887,luke farrell,Luke Farrell,TE,0.07359676447234069,2026-09-30
2026,4,00-0038710,blake whiteheart,Blake Whiteheart,TE,0.07338515143393191,2026-09-30
2026,4,00-0037004,hunter long,Hunter Long,TE,0.07246152567179552,2026-09-30
2026,4,00-0038640,jalen brooks,Jalen Brooks,WR,0.07042505432377845,2026-09-30
2026,4,00-0035021,ashton dulin,Ashton Dulin,WR,0.07028921390228368,2026-09-30
2026,4,00-0034854,khadarel hodge,KhaDarel Hodge,WR,0.06823441616605543,2026-09-30
2026,4,00-0038359,xavier smith,Xavier Smith,WR,0.06752790240341953,2026-09-30
2026,4,00-0033357,taysom hill,Taysom Hill,TE,0.06692882138605288,2026-09-30
2026,4,00-0035645,gunner olszewski,Gunner Olszewski,WR,0.06512517473211407,2026-09-30
2026,4,00-0036429,charlie woerner,Charlie Woerner,TE,0.06338697932265698,2026-09-30
2026,4,00-0035500,greg dortch,Greg Dortch,WR,0.062419574653441695,2026-09-30
2026,4,00-0036620,dee eskridge,Dee Eskridge,WR,0.06222598323662154,2026-09-30
2026,4,00-0040317,jacoby jones,Jacoby Jones,WR,0.06131317902692489,2026-09-30
2026,4,00-0036959,michael bandy,Michael Bandy,WR,0.06033106134371957,2026-09-30
2026,4,00-0033589,david moore,David Moore,WR,0.06030684505815396,2026-09-30
2026,4,00-0036630,tylan wallace,Tylan Wallace,WR,0.05975098060664781,2026-09-30
2026,4,00-0034073,ross dwelley,Ross Dwelley,TE,0.059467657615480646,2026-09-30
2026,4,00-0036741,jack stoll,Jack Stoll,TE,0.058992986085079274,2026-09-30
2026,4,00-0036876,kylen granson,Kylen Granson,TE,0.0583234434124527,2026-09-30
2026,4,00-0036590,quintin morris,Quintin Morris,TE,0.05760665898565369,2026-09-30
2026,4,00-0038573,derius davis,Derius Davis,WR,0.05683940501096591,2026-09-30
2026,4,00-0037654,tucker fisk,Tucker Fisk,TE,0.05600558659217877,2026-09-30
2026,4,00-0040563,efton chism,Efton Chism III,WR,0.055306874321787325,2026-09-30
2026,4,00-0034798,durham smythe,Durham Smythe,TE,0.053721786928660795,2026-09-30
2026,4,00-0037524,tay martin,Tay Martin,WR,0.05363255793880282,2026-09-30
2026,4,00-0036463,chris blair,Chris Blair,WR,0.052696917808219175,2026-09-30
2026,4,00-0039530,brevyn spann ford,Brevyn Spann-Ford,TE,0.051251329838036326,2026-09-30
2026,4,00-0040075,lajohntay wester,LaJohntay Wester,WR,0.05075423469479596,2026-09-30
2026,4,00-0036862,ben skowronek,Ben Skowronek,WR,0.050683708068468544,2026-09-30
2026,4,00-0033576,eric saubert,Eric Saubert,TE,0.04907299079588012,2026-09-30
2026,4,00-0040009,savion williams,Savion Williams,WR,0.04884238430054259,2026-09-30
2026,4,00-0040154,tai felton,Tai Felton,WR,0.04824084370536625,2026-09-30
2026,4,00-0037292,andrew ogletree,Andrew Ogletree,TE,0.04708534912698682,2026-09-30
2026,4,00-0040363,keleki latu,Keleki Latu,TE,0.0460552849212643,2026-09-30
2026,4,00-0031484,chris manhertz,Chris Manhertz,TE,0.04329888648562044,2026-09-30
2026,4,00-0034419,braxton berrios,Braxton Berrios,WR,0.04164242942686057,2026-09-30
2026,4,00-0039631,cam grandy,Cam Grandy,TE,0.03982670089858793,2026-09-30
2026,4,00-0035876,andre baccellia,Andre Baccellia,WR,0.03815617242157527,2026-09-30
2026,4,00-0036332,josiah deguara,Josiah Deguara,TE,0.03682035936363262,2026-09-30
2026,4,00-0039686,colson yankoff,Colson Yankoff,TE,0.03584555066409905,2026-09-30
2026,4,00-0037093,dareke young,Dareke Young,WR,0.03540414332017867,2026-09-30
2026,4,00-0039650,bryce oliver,Bryce Oliver,WR,0.03520254795304895,2026-09-30
2026,4,00-0039050,payne durham,Payne Durham,TE,0.03466583597816042,2026-09-30
2026,4,00-0039648,david martin robinson,David Martin-Robinson,TE,0.033259635104856966,2026-09-30
2026,4,00-0036497,tim jones,Tim Jones,WR,0.033222495894909686,2026-09-30
2026,4,00-0040509,ben yurosek,Ben Yurosek,TE,0.03192659952679011,2026-09-30
2026,4,00-0039920,malachi corley,Malachi Corley,WR,0.03158694245544571,2026-09-30
2026,4,00-0038752,jake bobo,Jake Bobo,WR,0.03003718293266576,2026-09-30
2026,4,00-0039305,jack westover,Jack Westover,TE,0.028409090909090908,2026-09-30
2026,4,00-0033757,robert tonyan,Robert Tonyan,TE,0.027455679993630657,2026-09-30
2026,4,00-0040352,coleman owen,Coleman Owen,WR,0.02714713488498707,2026-09-30
2026,4,00-0035956,giovanni ricci,Giovanni Ricci,TE,0.02625546301640966,2026-09-30
2026,4,00-0037487,deven thompkins,Deven Thompkins,WR,0.02414756676693796,2026-09-30
2026,4,00-0038492,jason brownlee,Jason Brownlee,WR,0.02195763484604054,2026-09-30
2026,4,00-0035544,tom kennedy,Tom Kennedy,WR,0.021750489246223404,2026-09-30
2026,4,00-0040058,nick kallerup,Nick Kallerup,TE,0.02098544500119303,2026-09-30
2026,4,00-0035602,alex bachman,Alex Bachman,WR,0.01946163733438798,2026-09-30
2026,4,00-0037132,britain covey,Britain Covey,WR,0.01933071351000347,2026-09-30
2026,4,00-0034928,steven sims,Steven Sims,WR,0.01820394077045602,2026-09-30
2026,4,00-0039824,jared wiley,Jared Wiley,TE,0.017636171337916444,2026-09-30
2026,4,00-0039589,kameron johnson,Kameron Johnson,WR,0.016805934577467582,2026-09-30
2026,4,00-0039754,devin culp,Devin Culp,TE,0.016260071620411817,2026-09-30
2026,4,00-0038496,xavier gipson,Xavier Gipson,WR,0.0156401384083045,2026-09-30
2026,4,00-0040488,carter runyon,Carter Runyon,TE,0.014685314685314687,2026-09-30
2026,4,00-0033439,pharaoh brown,Pharaoh Brown,TE,0.014604605094217342,2026-09-30
2026,4,00-0036331,devin duvernay,Devin Duvernay,WR,0.012835909217488164,2026-09-30
2026,4,00-0034867,malik turner,Malik Turner,WR,0.012598039215686275,2026-09-30
2026,4,00-0040506,myles price,Myles Price,WR,0.012430778967354042,2026-09-30
2026,4,00-0038576,charlie jones,Charlie Jones,WR,0.010464426877470356,2026-09-30
2026,4,00-0039816,anthony gould,Anthony Gould,WR,0.0051045859542359715,2026-09-30
2026,4,00-0040534,keshawn williams,Ke'Shawn Williams,WR,0.004518349217418782,2026-09-30
2026,4,00-0038643,brayden willis,Brayden Willis,TE,0.004383908774152677,2026-09-30
2026,4,00-0038519,nikko remigio,Nikko Remigio,WR,0.0033077012025901943,2026-09-30
2026,4,00-0031763,deandre carter,DeAndre Carter,WR,0.0,2026-09-30
2026,4,00-0034054,river cracraft,River Cracraft,WR,0.0,2026-09-30
2026,4,00-0033572,jamal agnew,Jamal Agnew,WR,0.0,2026-09-30
2026,4,00-0040431,dalen cambre,Dalen Cambre,WR,0.0,2026-09-30
2026,4,00-0035639,parris campbell,Parris Campbell,WR,0.0,2026-09-30
2026,4,00-0036527,dj turner,DJ Turner,WR,0.0,2026-09-30
2026,4,00-0039710,jeshaun jones,Jeshaun Jones,WR,0.0,2026-09-30
2026,4,00-0039489,hayden rucci,Hayden Rucci,TE,0.0,2026-09-30
2026,4,00-0038911,malik cunningham,Malik Cunningham,WR,0.0,2026-09-30
2026,4,00-0038740,jalen moreno cropper,Jalen Moreno-Cropper,WR,0.0,2026-09-30
2026,4,00-0038735,princeton fant,Princeton Fant,TE,0.0,2026-09-30
2026,4,00-0038590,justin shorter,Justin Shorter,TE,0.0,2026-09-30
2026,4,00-0038564,cameron latu,Cameron Latu,TE,0.0,2026-09-30
2026,4,00-0038498,ej jenkins,E.J. Jenkins,TE,0.0,2026-09-30
2026,4,00-0038456,travis vokolek,Travis Vokolek,TE,0.0,2026-09-30
2026,4,00-0037745,velus jones,Velus Jones Jr.,WR,0.0,2026-09-30
2026,4,00-0037380,kaden davis,Kaden Davis,WR,0.0,2026-09-30
2026,4,00-0040225,thomas fidone,Thomas Fidone II,TE,0.0,2026-09-30
2026,4,00-0037311,ko kieft,Ko Kieft,TE,0.0,2026-09-30
2026,4,00-0040241,dominic lovett,Dominic Lovett,WR,0.0,2026-09-30
2026,4,00-0037277,teagan quitoriano,Teagan Quitoriano,TE,0.0,2026-09-30
2026,4,00-0037031,nikola kalinic,Nikola Kalinic,TE,0.0,2026-09-30
2026,4,00-0036825,feleipe franks,Feleipe Franks,TE,0.0,2026-09-30
2026,4,00-0040629,dalevon campbell,Dalevon Campbell,WR,0.0,2026-09-30
2026,4,00-0036646,simi fehoko,Simi Fehoko,WR,0.0,2026-09-30
2026,4,00-0024243,marcedes lewis,Marcedes Lewis,TE,0.0,2026-09-30
