gsis_id,player_name,player,pos,position_group,headshot_url,season,week,season_type,game_id,team,opponent_team,completions,attempts,passing_yards,passing_tds,passing_interceptions,sacks_suffered,sack_yards_lost,sack_fumbles,sack_fumbles_lost,passing_air_yards,passing_yards_after_catch,passing_first_downs,passing_epa,passing_cpoe,passing_2pt_conversions,pacr,passing_10,passing_16,passing_20,passing_40,carries,rushing_yards,rushing_tds,rushing_fumbles,rushing_fumbles_lost,rushing_first_downs,rushing_epa,rushing_2pt_conversions,rushing_10,rushing_12,rushing_20,rushing_40,receptions,targets,receiving_yards,receiving_tds,receiving_fumbles,receiving_fumbles_lost,receiving_air_yards,receiving_yards_after_catch,receiving_first_downs,receiving_epa,receiving_2pt_conversions,receiving_10,receiving_16,receiving_20,receiving_40,racr,target_share,air_yards_share,wopr,special_teams_tds,def_tackles_solo,def_tackles_with_assist,def_tackle_assists,def_tackles_for_loss,def_tackles_for_loss_yards,def_fumbles_forced,def_sacks,def_sack_yards,def_qb_hits,def_interceptions,def_interception_yards,def_pass_defended,def_tds,def_fumbles,def_safeties,def_punt_blocks,def_pat_blocks,def_fg_blocks,def_2pt_atts,def_2pt_made,misc_yards,fumble_recovery_own,fumble_recovery_yards_own,fumble_recovery_opp,fumble_recovery_yards_opp,fumble_recovery_tds,penalties,penalty_yards,fumbles_forced_by_opp,fumbles_not_forced,fumbles_out_of_bounds,fumbles_total,fumbles_lost_total,punt_returns,punt_return_yards,kickoff_returns,kickoff_return_yards,fg_made,fg_att,fg_missed,fg_blocked,fg_long,fg_pct,fg_made_0_19,fg_made_20_29,fg_made_30_39,fg_made_40_49,fg_made_50_59,fg_made_60_,fg_missed_0_19,fg_missed_20_29,fg_missed_30_39,fg_missed_40_49,fg_missed_50_59,fg_missed_60_,fg_made_list,fg_missed_list,fg_blocked_list,fg_made_distance,fg_missed_distance,fg_blocked_distance,pat_made,pat_att,pat_missed,pat_blocked,pat_pct,gwfg_made,gwfg_att,gwfg_missed,gwfg_blocked,gwfg_distance,pt_att,pt_blocked,pt_long,pt_yards,pt_inside_20,pt_out_of_bounds,pt_downed,pt_touchback,pt_fair_caught,pt_returned,pt_return_yards,pt_return_tds,pt_net_yards,fantasy_points,fantasy_points_ppr,half_ppr
00-0030506,T.Kelce,Travis Kelce,TE,TE,"https://static.www.nfl.com/image/upload/f_auto,q_auto/league/dpxovcfku6ud2aohgf6a",2026,1,REG,2026_01_DEN_KC,KC,DEN,0,0,0,0,0,0,0,0,0,0,0,0,,,0,,0,0,0,0,0,0,0,0,0,0,,0,0,0,0,0,3,5,71,0,0,0,29,63,2,4.9681406546151266,0,1,1,1,1,2.4482758620689653,0.2,0.21804511278195488,0.45263157894736844,0,0,0,0,0,0,0,0.0,0.0,0,0,0,0,0,0,0,0,0,0,0,0,0,0,0,0,0,0,0,0,0,0,0,0,0,0,0,0,0,0,0,0,0,,,0,0,0,0,0,0,0,0,0,0,0,0,,,,0,0,0,0,0,0,0,,0,0,0,0,0,0,0,,0,0,0,0,0,0,0,0,0,0,7.1000000000000005,10.100000000000001,8.600000000000001
00-0033280,C.McCaffrey,Christian McCaffrey,RB,RB,"https://static.www.nfl.com/image/upload/f_auto,q_auto/league/st82s2ytyzanatcmkqck",2026,1,REG,2026_01_SF_LA,SF,LA,0,0,0,0,0,0,0,0,0,0,0,0,,,0,,0,0,0,0,10,68,0,0,0,2,2.7396103811915964,0,2,2,0,0,5,8,20,0,0,0,-3,30,0,-4.9134041501503605,0,0,0,0,0,-6.666666666666667,0.23529411764705882,-0.020134228187919462,0.33884721673904455,0,0,0,0,0,0,0,0.0,0.0,0,0,0,0,0,0,0,0,0,0,0,0,0,0,0,0,0,0,0,0,0,0,0,0,0,0,0,0,0,0,0,0,0,,,0,0,0,0,0,0,0,0,0,0,0,0,,,,0,0,0,0,0,0,0,,0,0,0,0,0,0,0,,0,0,0,0,0,0,0,0,0,0,8.8,13.8,11.3
00-0033288,G.Kittle,George Kittle,TE,TE,"https://static.www.nfl.com/image/upload/f_auto,q_auto/league/vkicdglglkyukgyxtmpx",2026,1,REG,2026_01_SF_LA,SF,LA,0,0,0,0,0,0,0,0,0,0,0,0,,,0,,0,0,0,0,0,0,0,0,0,0,,0,0,0,0,0,2,5,12,0,0,0,38,17,0,-5.580835841596127,0,0,0,0,0,0.3157894736842105,0.14705882352941177,0.2550335570469799,0.39911172522700356,0,1,0,0,0,0,0,0.0,0.0,0,0,0,0,0,0,0,0,0,0,0,0,0,0,0,0,0,0,0,0,0,0,0,0,0,0,0,0,0,0,0,0,0,,,0,0,0,0,0,0,0,0,0,0,0,0,,,,0,0,0,0,0,0,0,,0,0,0,0,0,0,0,,0,0,0,0,0,0,0,0,0,0,1.2000000000000002,3.2,2.2
00-0038120,B.Hall,Breece Hall,RB,RB,"https://static.www.nfl.com/image/upload/f_auto,q_auto/league/i01xtqbfajfq68lb6orh",2026,1,REG,2026_01_NYJ_TEN,NYJ,TEN,0,0,0,0,0,0,0,0,0,0,0,0,,,0,,0,0,0,0,22,102,1,0,0,7,2.3495652517303824,0,3,3,0,0,2,2,16,0,0,0,3,13,0,1.2427129313582554,0,0,0,0,0,5.333333333333333,0.08695652173913043,0.017857142857142856,0.14293478260869566,0,0,0,0,0,0,0,0.0,0.0,0,0,0,0,0,0,0,0,0,0,0,0,0,0,0,0,0,0,0,0,0,0,0,0,0,0,0,0,0,0,0,0,0,,,0,0,0,0,0,0,0,0,0,0,0,0,,,,0,0,0,0,0,0,0,,0,0,0,0,0,0,0,,0,0,0,0,0,0,0,0,0,0,17.8,19.8,18.800000000000004
00-0038124,C.Watson,Christian Watson,WR,WR,"https://static.www.nfl.com/image/upload/f_auto,q_auto/league/tumeg4d32sirkab2xzu5",2026,1,REG,2026_01_GB_MIN,GB,MIN,0,0,0,0,0,0,0,0,0,0,0,0,,,0,,0,0,0,0,0,0,0,0,0,0,,0,0,0,0,0,6,8,147,2,0,0,127,72,5,6.882247817498865,0,4,3,2,1,1.1574803149606299,0.2,0.27078891257995735,0.4895522388059702,0,0,0,0,0,0,0,0.0,0.0,0,0,0,0,0,0,0,0,0,0,0,0,0,0,0,0,0,0,0,0,0,0,0,0,0,0,0,0,0,0,0,0,0,,,0,0,0,0,0,0,0,0,0,0,0,0,,,,0,0,0,0,0,0,0,,0,0,0,0,0,0,0,,0,0,0,0,0,0,0,0,0,0,26.700000000000003,32.7,29.700000000000003
00-0038997,J.Downs,Josh Downs,WR,WR,"https://static.www.nfl.com/image/upload/f_auto,q_auto/league/z3wahaxpmc6d5lcxgh60",2026,1,REG,2026_01_BAL_IND,IND,BAL,0,0,0,0,0,0,0,0,0,0,0,0,,,0,,0,0,0,0,0,0,0,0,0,0,,0,0,0,0,0,2,4,37,0,0,0,36,22,2,3.3877164045115933,0,2,1,1,0,1.0277777777777777,0.13793103448275862,0.1791044776119403,0.3322696860524961,0,1,0,0,0,0,0,0.0,0.0,0,0,0,0,0,0,0,0,0,0,0,0,0,0,0,0,0,0,0,0,0,0,0,0,0,0,0,0,0,0,0,0,0,,,0,0,0,0,0,0,0,0,0,0,0,0,,,,0,0,0,0,0,0,0,,0,0,0,0,0,0,0,,0,0,0,0,0,0,0,0,0,0,3.7,5.7,4.7
00-0039150,B.Young,Bryce Young,QB,QB,"https://static.www.nfl.com/image/upload/f_auto,q_auto/league/vcvhmxvxw2a3armle0af",2026,1,REG,2026_01_CHI_CAR,CAR,CHI,23,37,361,3,1,2,-8,0,0,363,156,17,15.51976329782577,6.634585333592964,0,0.9944903581267218,15,8,5,2,2,10,1,0,0,1,1.6883257256704383,0,0,0,0,0,0,0,0,0,0,0,0,0,0,,0,0,0,0,0,,0.0,0.0,0.0,0,0,0,0,0,0,0,0.0,0.0,0,0,0,0,0,0,0,0,0,0,0,0,0,0,0,0,0,0,0,0,0,0,0,0,0,0,0,0,0,0,0,0,0,,,0,0,0,0,0,0,0,0,0,0,0,0,,,,0,0,0,0,0,0,0,,0,0,0,0,0,0,0,,0,0,0,0,0,0,0,0,0,0,31.439999999999998,31.439999999999998,32.44
00-0039163,C.Stroud,C.J. Stroud,QB,QB,"https://static.www.nfl.com/image/upload/f_auto,q_auto/league/tt4zrtxlhifaljhj0rn7",2026,1,REG,2026_01_BUF_HOU,HOU,BUF,26,38,274,2,0,3,-17,2,2,322,114,11,1.4964428132799918,3.161677476522085,0,0.8509316770186336,10,7,4,0,2,15,0,0,0,1,1.462448277277872,0,1,1,0,0,0,0,0,0,0,0,0,0,0,,0,0,0,0,0,,0.0,0.0,0.0,0,0,0,0,0,0,0,0.0,0.0,0,0,0,0,0,0,0,0,0,0,0,0,0,0,0,0,0,0,0,0,2,0,0,2,2,0,0,0,0,0,0,0,0,,,0,0,0,0,0,0,0,0,0,0,0,0,,,,0,0,0,0,0,0,0,,0,0,0,0,0,0,0,,0,0,0,0,0,0,0,0,0,0,16.46,16.46,16.46
00-0039337,M.Nabers,Malik Nabers,WR,WR,"https://static.www.nfl.com/image/upload/f_auto,q_auto/league/w3edoyyuomqlovvp9ixc",2026,1,REG,2026_01_DAL_NYG,NYG,DAL,0,0,0,0,0,0,0,0,0,0,0,0,,,0,,0,0,0,0,0,0,0,0,0,0,,0,0,0,0,0,6,9,69,0,0,0,103,10,3,5.013376748771407,0,3,2,0,0,0.6699029126213593,0.3103448275862069,0.4204081632653061,0.7598029556650246,0,0,0,0,0,0,0,0.0,0.0,0,0,0,0,0,0,0,0,0,0,0,0,0,0,0,0,0,0,0,0,0,0,0,0,0,0,0,0,0,0,0,0,0,,,0,0,0,0,0,0,0,0,0,0,0,0,,,,0,0,0,0,0,0,0,,0,0,0,0,0,0,0,,0,0,0,0,0,0,0,0,0,0,6.9,12.9,9.9
00-0039910,J.Daniels,Jayden Daniels,QB,QB,"https://static.www.nfl.com/image/upload/f_auto,q_auto/league/gfz8k5onuqjrche9ogqc",2026,1,REG,2026_01_WAS_PHI,WAS,PHI,18,34,164,2,0,1,-1,0,0,317,71,10,3.9058354551729595,-3.445302772110906,0,0.5173501577287066,8,3,1,0,5,31,0,0,0,1,0.5011246794019826,0,2,2,0,0,0,0,0,0,0,0,0,0,0,,0,0,0,0,0,,0.0,0.0,0.0,0,0,0,0,0,0,0,0.0,0.0,0,0,0,0,0,0,0,0,0,0,0,0,0,0,0,0,0,0,0,0,0,0,0,0,0,0,0,0,0,0,0,0,0,,,0,0,0,0,0,0,0,0,0,0,0,0,,,,0,0,0,0,0,0,0,,0,0,0,0,0,0,0,,0,0,0,0,0,0,0,0,0,0,17.66,17.66,17.66
00-0040129,E.Egbuka,Emeka Egbuka,WR,WR,"https://static.www.nfl.com/image/upload/f_auto,q_auto/league/z224kbzs62rjuykc0vha",2026,1,REG,2026_01_TB_CIN,TB,CIN,0,0,0,0,0,0,0,0,0,0,0,0,,,0,,0,0,0,0,0,0,0,0,0,0,,0,0,0,0,0,5,6,63,0,0,0,84,20,3,4.751720571424812,0,5,1,0,0,0.75,0.2222222222222222,0.5874125874125874,0.7445221445221445,0,0,0,0,0,0,0,0.0,0.0,0,0,0,0,0,0,0,0,0,0,0,0,0,0,0,0,0,0,0,0,0,0,0,0,0,0,0,0,0,0,0,0,0,,,0,0,0,0,0,0,0,0,0,0,0,0,,,,0,0,0,0,0,0,0,,0,0,0,0,0,0,0,,0,0,0,0,0,0,0,0,0,0,6.300000000000001,11.3,8.8
00-0041037,D.Boston,Denzel Boston,WR,WR,"https://static.www.nfl.com/image/upload/f_auto,q_auto/league/ybkny6eh5eegq3bqmony",2026,1,REG,2026_01_CLE_JAX,CLE,JAX,0,0,0,0,0,0,0,0,0,0,0,0,,,0,,0,0,0,0,0,0,0,0,0,0,,0,0,0,0,0,2,4,59,1,0,0,114,2,2,5.169828865567287,0,2,1,1,1,0.5175438596491229,0.18181818181818182,0.5,0.6227272727272727,0,0,0,0,0,0,0,0.0,0.0,0,0,0,0,0,0,0,0,0,0,0,0,0,0,0,0,0,0,0,0,0,0,0,0,0,0,0,0,0,0,0,0,0,,,0,0,0,0,0,0,0,0,0,0,0,0,,,,0,0,0,0,0,0,0,,0,0,0,0,0,0,0,,0,0,0,0,0,0,0,0,0,0,11.9,13.9,12.9
00-0041052,K.Black,Kaelon Black,RB,RB,"https://static.www.nfl.com/image/upload/f_auto,q_auto/league/nwgkzr1ysr32jc79zfnt",2026,1,REG,2026_01_SF_LA,SF,LA,0,0,0,0,0,0,0,0,0,0,0,0,,,0,,0,0,0,0,14,65,0,0,0,3,0.2725109470775351,0,1,1,0,0,1,1,5,0,0,0,-5,10,0,0.1792984448838979,0,0,0,0,0,-1.0,0.029411764705882353,-0.03355704697986577,0.020627714172917488,0,0,0,0,0,0,0,0.0,0.0,0,0,0,0,0,0,0,0,0,0,0,0,0,0,0,0,0,0,0,0,0,0,0,0,0,0,0,0,0,0,0,0,0,,,0,0,0,0,0,0,0,0,0,0,0,0,,,,0,0,0,0,0,0,0,,0,0,0,0,0,0,0,,0,0,0,0,0,0,0,0,0,0,7.0,8.0,7.5
00-0041512,J.Price,Jadarian Price,RB,RB,"https://static.www.nfl.com/image/upload/f_auto,q_auto/league/toy90i08oumgbdlvctja",2026,1,REG,2026_01_NE_SEA,SEA,NE,0,0,0,0,0,0,0,0,0,0,0,0,,,0,,0,0,0,0,10,52,0,0,0,4,1.0258847177028656,0,2,2,0,0,2,2,6,0,0,0,-1,7,0,-0.6971553706098348,0,0,0,0,0,-6.0,0.08333333333333333,-0.006493506493506494,0.12045454545454545,0,0,0,0,0,0,0,0.0,0.0,0,0,0,0,0,0,0,0,0,0,0,0,0,0,0,0,0,0,0,0,0,0,0,0,0,0,0,0,0,0,0,0,0,,,0,0,0,0,0,0,0,0,0,0,0,0,,,,0,0,0,0,0,0,0,,0,0,0,0,0,0,0,,0,0,0,0,0,0,0,0,0,0,5.800000000000001,7.800000000000001,6.800000000000001
00-0030506,T.Kelce,Travis Kelce,TE,TE,"https://static.www.nfl.com/image/upload/f_auto,q_auto/league/dpxovcfku6ud2aohgf6a",2026,2,REG,2026_02_IND_KC,KC,IND,0,0,0,0,0,0,0,0,0,0,0,0,,,0,,0,0,0,0,0,0,0,0,0,0,,0,0,0,0,0,9,11,101,1,0,0,56,66,7,5.1077195089876195,0,7,3,0,0,1.8035714285714286,0.2558139534883721,0.21374045801526717,0.5333392508432452,0,0,0,0,0,0,0,0.0,0.0,0,0,0,0,0,0,0,0,0,0,0,0,0,0,0,0,0,0,0,0,0,0,0,0,0,0,0,0,0,0,0,0,0,,,0,0,0,0,0,0,0,0,0,0,0,0,,,,0,0,0,0,0,0,0,,0,0,0,0,0,0,0,,0,0,0,0,0,0,0,0,0,0,16.1,25.1,20.6
00-0033280,C.McCaffrey,Christian McCaffrey,RB,RB,"https://static.www.nfl.com/image/upload/f_auto,q_auto/league/st82s2ytyzanatcmkqck",2026,2,REG,2026_02_MIA_SF,SF,MIA,0,0,0,0,0,0,0,0,0,0,0,0,,,0,,0,0,0,0,10,23,2,0,0,2,-0.563817018235568,0,0,0,0,0,4,4,43,0,0,0,11,32,4,5.505734695005231,0,2,1,0,0,3.909090909090909,0.19047619047619047,0.06111111111111111,0.3284920634920635,0,0,0,0,0,0,0,0.0,0.0,0,0,0,0,0,0,0,0,0,0,0,0,0,0,0,0,0,0,0,0,0,0,0,0,0,0,0,0,0,0,0,0,0,,,0,0,0,0,0,0,0,0,0,0,0,0,,,,0,0,0,0,0,0,0,,0,0,0,0,0,0,0,,0,0,0,0,0,0,0,0,0,0,18.6,22.6,20.6
00-0033288,G.Kittle,George Kittle,TE,TE,"https://static.www.nfl.com/image/upload/f_auto,q_auto/league/vkicdglglkyukgyxtmpx",2026,2,REG,2026_02_MIA_SF,SF,MIA,0,0,0,0,0,0,0,0,0,0,0,0,,,0,,0,0,0,0,0,0,0,0,0,0,,0,0,0,0,0,4,4,80,1,0,0,50,30,3,5.767950102279428,0,3,2,2,1,1.6,0.19047619047619047,0.2777777777777778,0.4801587301587301,0,0,0,0,0,0,0,0.0,0.0,0,0,0,0,0,0,0,0,0,0,0,0,0,0,0,0,0,0,1,5,0,0,0,0,0,0,0,0,0,0,0,0,0,,,0,0,0,0,0,0,0,0,0,0,0,0,,,,0,0,0,0,0,0,0,,0,0,0,0,0,0,0,,0,0,0,0,0,0,0,0,0,0,14.0,18.0,16.0
00-0038120,B.Hall,Breece Hall,RB,RB,"https://static.www.nfl.com/image/upload/f_auto,q_auto/league/i01xtqbfajfq68lb6orh",2026,2,REG,2026_02_GB_NYJ,NYJ,GB,0,0,0,0,0,0,0,0,0,0,0,0,,,0,,0,0,0,0,16,29,0,0,0,2,-7.023093998024706,0,1,1,0,0,5,5,63,0,0,0,-1,64,2,5.072172730520833,0,2,1,1,1,-63.0,0.1388888888888889,-0.00398406374501992,0.2055444887118194,0,0,0,0,0,0,0,0.0,0.0,0,0,0,0,0,0,0,0,0,0,0,0,0,0,0,0,0,0,0,0,0,0,0,0,0,0,0,0,0,0,0,0,0,,,0,0,0,0,0,0,0,0,0,0,0,0,,,,0,0,0,0,0,0,0,,0,0,0,0,0,0,0,,0,0,0,0,0,0,0,0,0,0,9.200000000000001,14.200000000000001,11.700000000000001
00-0038124,C.Watson,Christian Watson,WR,WR,"https://static.www.nfl.com/image/upload/f_auto,q_auto/league/tumeg4d32sirkab2xzu5",2026,2,REG,2026_02_GB_NYJ,GB,NYJ,0,0,0,0,0,0,0,0,0,0,0,0,,,0,,0,0,0,0,0,0,0,0,0,0,,0,0,0,0,0,4,11,41,1,0,0,86,6,2,-3.7542474910749473,0,2,1,1,0,0.47674418604651164,0.3793103448275862,0.39814814814814814,0.8476692209450829,0,0,0,0,0,0,0,0.0,0.0,0,0,0,0,0,0,0,0,0,0,0,0,0,0,0,0,0,0,1,4,0,0,0,0,0,0,0,0,0,0,0,0,0,,,0,0,0,0,0,0,0,0,0,0,0,0,,,,0,0,0,0,0,0,0,,0,0,0,0,0,0,0,,0,0,0,0,0,0,0,0,0,0,10.100000000000001,14.100000000000001,12.100000000000001
00-0038997,J.Downs,Josh Downs,WR,WR,"https://static.www.nfl.com/image/upload/f_auto,q_auto/league/z3wahaxpmc6d5lcxgh60",2026,2,REG,2026_02_IND_KC,IND,KC,0,0,0,0,0,0,0,0,0,0,0,0,,,0,,0,0,0,0,0,0,0,0,0,0,,0,0,0,0,0,7,9,72,0,0,0,73,22,6,8.182997891737614,0,3,1,1,0,0.9863013698630136,0.3,0.4506172839506173,0.7654320987654321,0,0,0,0,0,0,0,0.0,0.0,0,0,0,0,0,0,0,0,0,0,0,0,0,0,0,0,0,0,0,0,0,0,0,0,0,0,0,0,0,0,0,0,0,,,0,0,0,0,0,0,0,0,0,0,0,0,,,,0,0,0,0,0,0,0,,0,0,0,0,0,0,0,,0,0,0,0,0,0,0,0,0,0,7.2,14.2,10.7
00-0039150,B.Young,Bryce Young,QB,QB,"https://static.www.nfl.com/image/upload/f_auto,q_auto/league/vcvhmxvxw2a3armle0af",2026,2,REG,2026_02_CAR_ATL,CAR,ATL,23,36,287,3,0,2,-15,0,0,311,88,12,11.070034799896211,11.589164519682527,0,0.9228295819935691,10,5,5,1,1,6,0,0,0,1,1.0795394857414067,0,0,0,0,0,0,0,0,0,0,0,0,0,0,,0,0,0,0,0,,0.0,0.0,0.0,0,0,0,0,0,0,0,0.0,0.0,0,0,0,0,0,0,0,0,0,0,0,0,0,0,0,0,0,0,0,0,0,0,0,0,0,0,0,0,0,0,0,0,0,,,0,0,0,0,0,0,0,0,0,0,0,0,,,,0,0,0,0,0,0,0,,0,0,0,0,0,0,0,,0,0,0,0,0,0,0,0,0,0,24.080000000000002,24.080000000000002,24.080000000000002
00-0039163,C.Stroud,C.J. Stroud,QB,QB,"https://static.www.nfl.com/image/upload/f_auto,q_auto/league/tt4zrtxlhifaljhj0rn7",2026,2,REG,2026_02_CIN_HOU,HOU,CIN,30,55,353,0,0,4,-39,0,0,475,139,15,-6.359239376523311,-8.43130749464035,0,0.7431578947368421,14,7,5,0,3,29,0,0,0,1,2.237394804134965,0,2,1,0,0,0,0,0,0,0,0,0,0,0,,0,0,0,0,0,,0.0,0.0,0.0,0,0,0,0,0,0,0,0.0,0.0,0,0,0,0,0,0,0,0,0,0,0,0,0,0,0,0,0,0,1,13,0,0,0,0,0,0,0,0,0,0,0,0,0,,,0,0,0,0,0,0,0,0,0,0,0,0,,,,0,0,0,0,0,0,0,,0,0,0,0,0,0,0,,0,0,0,0,0,0,0,0,0,0,17.020000000000003,17.020000000000003,17.020000000000003
00-0039337,M.Nabers,Malik Nabers,WR,WR,"https://static.www.nfl.com/image/upload/f_auto,q_auto/league/w3edoyyuomqlovvp9ixc",2026,2,REG,2026_02_NYG_LA,NYG,LA,0,0,0,0,0,0,0,0,0,0,0,0,,,0,,0,0,0,0,0,0,0,0,0,0,,0,0,0,0,0,1,4,1,0,0,0,77,4,0,-7.106677545234561,0,0,0,0,0,0.012987012987012988,0.125,0.22580645161290322,0.3455645161290323,0,0,0,0,0,0,0,0.0,0.0,0,0,0,0,0,0,0,0,0,0,0,0,0,0,0,0,0,0,0,0,0,0,0,0,0,0,0,0,0,0,0,0,0,,,0,0,0,0,0,0,0,0,0,0,0,0,,,,0,0,0,0,0,0,0,,0,0,0,0,0,0,0,,0,0,0,0,0,0,0,0,0,0,0.1,1.1,0.6
00-0039910,J.Daniels,Jayden Daniels,QB,QB,"https://static.www.nfl.com/image/upload/f_auto,q_auto/league/gfz8k5onuqjrche9ogqc",2026,2,REG,2026_02_WAS_DAL,WAS,DAL,11,17,96,1,0,0,0,0,0,155,46,4,0.1793638041715524,3.49460132420063,0,0.6193548387096774,4,1,1,0,7,69,0,1,0,5,3.373570305877365,0,3,3,1,0,0,0,0,0,0,0,0,0,0,,0,0,0,0,0,,0.0,0.0,0.0,0,0,0,0,0,0,0,0.0,0.0,0,0,0,0,0,0,0,0,0,0,0,0,0,0,-11,0,0,0,0,0,0,1,0,1,0,0,0,0,0,0,0,0,0,,,0,0,0,0,0,0,0,0,0,0,0,0,,,,0,0,0,0,0,0,0,,0,0,0,0,0,0,0,,0,0,0,0,0,0,0,0,0,0,14.74,14.74,14.74
00-0040129,E.Egbuka,Emeka Egbuka,WR,WR,"https://static.www.nfl.com/image/upload/f_auto,q_auto/league/z224kbzs62rjuykc0vha",2026,2,REG,2026_02_CLE_TB,TB,CLE,0,0,0,0,0,0,0,0,0,0,0,0,,,0,,0,0,0,0,1,-3,0,0,0,0,-1.6227113718632609,0,0,0,0,0,3,5,16,1,0,0,75,0,1,-1.724276582535822,0,0,0,0,0,0.21333333333333335,0.15151515151515152,0.17814726840855108,0.351975815158713,0,0,0,0,0,0,0,0.0,0.0,0,0,0,0,0,0,0,0,0,0,0,0,0,0,0,0,0,0,0,0,0,0,0,0,0,0,0,0,0,0,0,0,0,,,0,0,0,0,0,0,0,0,0,0,0,0,,,,0,0,0,0,0,0,0,,0,0,0,0,0,0,0,,0,0,0,0,0,0,0,0,0,0,7.3,10.3,8.8
00-0041037,D.Boston,Denzel Boston,WR,WR,"https://static.www.nfl.com/image/upload/f_auto,q_auto/league/ybkny6eh5eegq3bqmony",2026,2,REG,2026_02_CLE_TB,CLE,TB,0,0,0,0,0,0,0,0,0,0,0,0,,,0,,0,0,0,0,0,0,0,0,0,0,,0,0,0,0,0,5,7,95,1,0,0,60,50,3,6.993959088716558,0,2,1,1,1,1.5833333333333333,0.23333333333333334,0.5555555555555556,0.7388888888888889,0,0,0,0,0,0,0,0.0,0.0,0,0,0,0,0,0,0,0,0,0,0,0,0,0,0,0,0,0,0,0,0,0,0,0,0,0,0,0,0,0,0,0,0,,,0,0,0,0,0,0,0,0,0,0,0,0,,,,0,0,0,0,0,0,0,,0,0,0,0,0,0,0,,0,0,0,0,0,0,0,0,0,0,15.5,20.5,18.0
00-0041052,K.Black,Kaelon Black,RB,RB,"https://static.www.nfl.com/image/upload/f_auto,q_auto/league/nwgkzr1ysr32jc79zfnt",2026,2,REG,2026_02_MIA_SF,SF,MIA,0,0,0,0,0,0,0,0,0,0,0,0,,,0,,0,0,0,0,7,25,0,0,0,0,-1.97878664691234,0,0,0,0,0,0,0,0,0,0,0,0,0,0,,0,0,0,0,0,,0.0,0.0,0.0,0,0,0,0,0,0,0,0.0,0.0,0,0,0,0,0,0,0,0,0,0,0,0,0,0,0,0,0,0,0,0,0,0,0,0,0,0,0,0,0,0,0,0,0,,,0,0,0,0,0,0,0,0,0,0,0,0,,,,0,0,0,0,0,0,0,,0,0,0,0,0,0,0,,0,0,0,0,0,0,0,0,0,0,2.5,2.5,2.5
00-0041512,J.Price,Jadarian Price,RB,RB,"https://static.www.nfl.com/image/upload/f_auto,q_auto/league/toy90i08oumgbdlvctja",2026,2,REG,2026_02_SEA_ARI,SEA,ARI,0,0,0,0,0,0,0,0,0,0,0,0,,,0,,0,0,0,0,13,52,0,1,1,2,-7.471524262015009,0,2,1,1,0,1,2,8,0,0,0,16,16,1,0.5060431441524997,0,0,0,0,0,0.5,0.07692307692307693,0.07048458149779736,0.16472382243307354,0,0,0,0,0,0,0,0.0,0.0,0,0,0,0,0,0,0,0,0,0,0,0,0,0,0,0,0,0,0,0,1,0,0,1,1,0,0,0,0,0,0,0,0,,,0,0,0,0,0,0,0,0,0,0,0,0,,,,0,0,0,0,0,0,0,,0,0,0,0,0,0,0,,0,0,0,0,0,0,0,0,0,0,4.0,5.0,4.5
00-0038124,C.Watson,Christian Watson,WR,WR,"https://static.www.nfl.com/image/upload/f_auto,q_auto/league/tumeg4d32sirkab2xzu5",2026,3,REG,2026_03_ATL_GB,GB,ATL,0,0,0,0,0,0,0,0,0,0,0,0,,,0,,0,0,0,0,0,0,0,0,0,0,,0,0,0,0,0,7,10,96,1,0,0,91,26,5,1.9746219164226204,0,4,2,2,0,1.054945054945055,0.19607843137254902,0.23214285714285715,0.4566176470588236,0,0,0,0,0,0,0,0.0,0.0,0,0,0,0,0,0,0,0,0,0,0,0,0,0,0,0,0,0,1,10,0,0,0,0,0,0,0,0,0,0,0,0,0,,,0,0,0,0,0,0,0,0,0,0,0,0,,,,0,0,0,0,0,0,0,,0,0,0,0,0,0,0,,0,0,0,0,0,0,0,0,0,0,15.600000000000001,22.6,19.1
