week,home,away
1,BillsMafia,Undisputed
1,Don R.I.C.O,Allen Moore connection
1,Revenge of the Smith,L'Omar
1,Saquon Hater,Crabcakes and Football
1,TaylorMade,Heartbreak Drake
1,deez nuts,Burrow-Chase combo
2,Allen Moore connection,Undisputed
2,BillsMafia,Heartbreak Drake
2,Don R.I.C.O,L'Omar
2,Saquon Hater,Burrow-Chase combo
2,TaylorMade,Crabcakes and Football
2,deez nuts,Revenge of the Smith
3,BillsMafia,Allen Moore connection
3,Don R.I.C.O,deez nuts
3,Heartbreak Drake,Crabcakes and Football
3,L'Omar,Undisputed
3,Saquon Hater,Revenge of the Smith
3,TaylorMade,Burrow-Chase combo
4,BillsMafia,L'Omar
4,Crabcakes and Football,Burrow-Chase combo
4,Heartbreak Drake,Allen Moore connection
4,Saquon Hater,Don R.I.C.O
4,TaylorMade,Revenge of the Smith
4,deez nuts,Undisputed
5,Allen Moore connection,L'Omar
5,BillsMafia,deez nuts
5,Heartbreak Drake,Burrow-Chase combo
5,Revenge of the Smith,Crabcakes and Football
5,Saquon Hater,Undisputed
5,TaylorMade,Don R.I.C.O
6,Don R.I.C.O,Crabcakes and Football
6,Heartbreak Drake,L'Omar
6,Saquon Hater,BillsMafia
6,TaylorMade,Undisputed
6,deez nuts,Allen Moore connection
7,Crabcakes and Football,Undisputed
7,Don R.I.C.O,Burrow-Chase combo
7,Heartbreak Drake,Revenge of the Smith
7,Saquon Hater,Allen Moore connection
7,TaylorMade,BillsMafia
7,deez nuts,L'Omar
8,BillsMafia,Crabcakes and Football
8,Burrow-Chase combo,Undisputed
8,Don R.I.C.O,Revenge of the Smith
8,Heartbreak Drake,deez nuts
8,Saquon Hater,L'Omar
8,TaylorMade,Allen Moore connection
9,Allen Moore connection,Crabcakes and Football
9,BillsMafia,Burrow-Chase combo
9,Don R.I.C.O,Heartbreak Drake
9,Revenge of the Smith,Undisputed
9,Saquon Hater,deez nuts
9,TaylorMade,L'Omar
