seat,team,slot,player,yahoo_id,nfl_team,pos
8,TaylorMade,QB,Jayden Daniels,40896,,
8,TaylorMade,RB,Christian McCaffrey,30121,SF,RB
8,TaylorMade,RB,Kaleb Johnson,41881,GB,RB
8,TaylorMade,WR,Christian Watson,33989,GB,WR
8,TaylorMade,WR,Josh Downs,40126,,
8,TaylorMade,TE,George Kittle,30259,SF,TE
8,TaylorMade,W/R,Malik Nabers,40899,NYG,WR
8,TaylorMade,BN,Bryce Young,40029,,
8,TaylorMade,BN,Travis Kelce,26686,KC,TE
8,TaylorMade,BN,Breece Hall,33991,NYJ,RB
8,TaylorMade,BN,Emeka Egbuka,41804,TB,WR
8,TaylorMade,BN,Denzel Boston,42661,,
8,TaylorMade,BN,Kaelon Black,42712,SF,RB
8,TaylorMade,IR,Jadarian Price,42654,,
8,TaylorMade,K,Tyler Loop,41988,,
8,TaylorMade,DEF,Bears,,,
7,Saquon Hater,QB,Jordan Love,32696,GB,QB
7,Saquon Hater,RB,Aaron Jones Sr.,30295,,
7,Saquon Hater,RB,Saquon Barkley,30972,,
7,Saquon Hater,WR,Garrett Wilson,33965,NYJ,WR
7,Saquon Hater,WR,Amon-Ra St. Brown,33500,,
7,Saquon Hater,TE,Kenyon Sadiq,42638,NYJ,TE
7,Saquon Hater,W/R,Chris Godwin Jr.,30197,TB,WR
7,Saquon Hater,BN,Darren Waller,28592,,
7,Saquon Hater,BN,Rashee Rice,40084,KC,WR
7,Saquon Hater,BN,Justin Herbert,32676,LAC,QB
7,Saquon Hater,BN,Emmett Johnson,42796,KC,RB
7,Saquon Hater,BN,Jordan Mason,34320,,
7,Saquon Hater,IR,Jonah Coleman,42730,,
7,Saquon Hater,K,Brandon Aubrey,40819,,
7,Saquon Hater,DEF,Vikings,,,
11,BillsMafia,QB,Brock Purdy,34218,SF,QB
11,BillsMafia,RB,D'Andre Swift,32705,,
11,BillsMafia,RB,(Empty),,,
11,BillsMafia,WR,Chris Olave,33966,NO,WR
11,BillsMafia,WR,Davante Adams,27581,LAR,WR
11,BillsMafia,TE,Harold Fannin Jr.,41877,,
11,BillsMafia,W/R,Jameson Williams,33967,,
11,BillsMafia,BN,Kenneth Walker III,33996,KC,RB
11,BillsMafia,BN,Michael Wilson,40121,,
11,BillsMafia,BN,Justin Jefferson,32692,,
11,BillsMafia,BN,Bo Nix,40875,,
11,BillsMafia,BN,Dallas Goedert,31019,,
11,BillsMafia,BN,T.J. Hockenson,31840,,
11,BillsMafia,K,Evan McPherson,33537,,
11,BillsMafia,BN,Eddy Pineiro,31482,SF,K
11,BillsMafia,DEF,Packers,,GB,DEF
10,Don R.I.C.O,QB,Jalen Hurts,32723,,
10,Don R.I.C.O,RB,Derrick Henry,29279,,
10,Don R.I.C.O,RB,Jeremiyah Love,42625,,
10,Don R.I.C.O,WR,Jaxon Smith-Njigba,40041,,
10,Don R.I.C.O,WR,Deebo Samuel Sr.,31868,SF,WR
10,Don R.I.C.O,TE,Tucker Kraft,40102,GB,TE
10,Don R.I.C.O,W/R,Chuba Hubbard,33514,,
10,Don R.I.C.O,BN,Ladd McConkey,40908,LAC,WR
10,Don R.I.C.O,BN,Devaughn Vele,41097,NO,WR
10,Don R.I.C.O,BN,Isaiah Likely,34095,NYG,TE
10,Don R.I.C.O,BN,Tyquan Thornton,34005,KC,WR
10,Don R.I.C.O,BN,Emanuel Wilson,40707,,
10,Don R.I.C.O,BN,Kenny Gainwell,33538,TB,RB
10,Don R.I.C.O,IR,Rico Dowdle,33100,,
10,Don R.I.C.O,K,Ka'imi Fairbairn,29792,,
10,Don R.I.C.O,DEF,49ers,,SF,DEF
4,Heartbreak Drake,QB,Tyler Shough,41825,NO,QB
4,Heartbreak Drake,RB,Jonathan Taylor,32711,,
4,Heartbreak Drake,RB,Ashton Jeanty,41791,LV,RB
4,Heartbreak Drake,WR,Tetairoa McMillan,41793,,
4,Heartbreak Drake,WR,Stefon Diggs,28534,,
4,Heartbreak Drake,TE,Sam LaPorta,40064,,
4,Heartbreak Drake,W/R,Nico Collins,33477,,
4,Heartbreak Drake,BN,Ollie Gordon II,41969,,
4,Heartbreak Drake,BN,Romeo Doubs,34088,NE,WR
4,Heartbreak Drake,BN,KC Concepcion Jr.,42646,,
4,Heartbreak Drake,BN,Drake Maye,40881,NE,QB
4,Heartbreak Drake,BN,Mike Washington Jr.,42744,LV,RB
4,Heartbreak Drake,BN,Hunter Henry,29269,NE,TE
4,Heartbreak Drake,K,Jason Myers,28378,,
4,Heartbreak Drake,DEF,Seahawks,,,
1,deez nuts,QB,Jared Goff,29235,,
1,deez nuts,RB,Jahmyr Gibbs,40059,,
1,deez nuts,RB,Bhayshul Tuten,41900,,
1,deez nuts,WR,George Pickens,34007,,
1,deez nuts,WR,Luther Burden III,41824,,
1,deez nuts,TE,Dalton Kincaid,40048,,
1,deez nuts,W/R,Drake London,33963,,
1,deez nuts,BN,Jalen Coker,41293,,
1,deez nuts,BN,Justice Hill,31945,,
1,deez nuts,BN,Sione Vaki,41006,,
1,deez nuts,BN,Adonai Mitchell,40915,NYJ,WR
1,deez nuts,BN,Jaylen Wright,41010,,
1,deez nuts,BN,Chris Bell,42716,,
1,deez nuts,IR,Jordyn Tyson,42630,NO,WR
1,deez nuts,K,Jake Bates,40835,,
1,deez nuts,DEF,Ravens,,,
6,Allen Moore connection,QB,Josh Allen,30977,,
6,Allen Moore connection,RB,Cam Skattebo,41922,NYG,RB
6,Allen Moore connection,RB,Omarion Hampton,41807,LAC,RB
6,Allen Moore connection,WR,DJ Moore,30994,,
6,Allen Moore connection,WR,Kalif Raymond,29631,,
6,Allen Moore connection,TE,Tyler Warren,41799,,
6,Allen Moore connection,W/R,Tony Pollard,31960,,
6,Allen Moore connection,BN,Jake Ferguson,34085,,
6,Allen Moore connection,BN,Caleb Douglas,42697,,
6,Allen Moore connection,BN,Marvin Harrison Jr.,40893,,
6,Allen Moore connection,BN,Tyjae Spears,40119,,
6,Allen Moore connection,BN,Keaton Mitchell,40641,LAC,RB
6,Allen Moore connection,IR,A.J. Brown,31883,NE,WR
6,Allen Moore connection,K,Harrison Butker,30346,KC,K
6,Allen Moore connection,DEF,Rams,,LAR,DEF
6,Allen Moore connection,BN,Raiders,,LV,DEF
9,Revenge of the Smith,QB,Dak Prescott,29369,,
9,Revenge of the Smith,RB,James Cook III,34019,,
9,Revenge of the Smith,RB,RJ Harvey,41845,,
9,Revenge of the Smith,WR,Jaylen Waddle,33394,,
9,Revenge of the Smith,WR,Matthew Golden,41808,GB,WR
9,Revenge of the Smith,TE,Juwan Johnson,33113,NO,TE
9,Revenge of the Smith,W/R,Parker Washington,40234,,
9,Revenge of the Smith,BN,George Holani,41344,,
9,Revenge of the Smith,BN,Mark Andrews,31056,,
9,Revenge of the Smith,BN,Rome Odunze,40901,,
9,Revenge of the Smith,BN,Josh Jacobs,31856,GB,RB
9,Revenge of the Smith,BN,MarShawn Lloyd,40971,GB,RB
9,Revenge of the Smith,BN,Michael Penix Jr.,40889,,
9,Revenge of the Smith,IR,DeVonta Smith,33398,,
9,Revenge of the Smith,K,Spencer Shrader,41499,,
9,Revenge of the Smith,DEF,Patriots,,NE,DEF
5,L'Omar,QB,Lamar Jackson,31002,,
5,L'Omar,RB,Quinshon Judkins,41821,,
5,L'Omar,RB,Jaylen Warren,34447,,
5,L'Omar,WR,Zay Flowers,40039,,
5,L'Omar,WR,Puka Nacua,40168,LAR,WR
5,L'Omar,TE,Dalton Schultz,31107,,
5,L'Omar,W/R,Bucky Irving,40993,TB,RB
5,L'Omar,BN,Carnell Tate,42626,,
5,L'Omar,BN,Brian Thomas Jr.,40883,,
5,L'Omar,BN,Kyle Pitts Sr.,33392,,
5,L'Omar,BN,Brian Robinson,34054,,
5,L'Omar,BN,Jakobi Meyers,32231,,
5,L'Omar,IR,De'Zhaun Stribling,42655,SF,WR
5,L'Omar,K,Trey Smack,42838,GB,K
5,L'Omar,DEF,Bills,,,
5,L'Omar,BN,Texans,,,
12,Crabcakes and Football,QB,Trevor Lawrence,33389,,
12,Crabcakes and Football,RB,Chase Brown,40196,,
12,Crabcakes and Football,RB,Rhamondre Stevenson,33508,NE,RB
12,Crabcakes and Football,WR,CeeDee Lamb,32687,,
12,Crabcakes and Football,WR,Tee Higgins,32703,,
12,Crabcakes and Football,TE,Trey McBride,34010,,
12,Crabcakes and Football,W/R,Mike Evans,27535,SF,WR
12,Crabcakes and Football,BN,Patrick Mahomes,30123,KC,QB
12,Crabcakes and Football,BN,Blake Corum,40962,LAR,RB
12,Crabcakes and Football,BN,Kyle Monangai,42025,,
12,Crabcakes and Football,BN,Tre Tucker,40114,LV,WR
12,Crabcakes and Football,BN,Kendre Miller,40108,NO,RB
12,Crabcakes and Football,IR,Zach Charbonnet,40075,,
12,Crabcakes and Football,K,Cam Little,41062,,
12,Crabcakes and Football,DEF,Broncos,,,
12,Crabcakes and Football,BN,Bengals,,,
2,Burrow-Chase combo,QB,Joe Burrow,32671,,
2,Burrow-Chase combo,RB,Javonte Williams,33423,,
2,Burrow-Chase combo,RB,Alvin Kamara,30180,NO,RB
2,Burrow-Chase combo,WR,Ja'Marr Chase,33393,,
2,Burrow-Chase combo,WR,Jordan Addison,40042,,
2,Burrow-Chase combo,TE,Mike Gesicki,31012,,
2,Burrow-Chase combo,W/R,DK Metcalf,31896,,
2,Burrow-Chase combo,BN,Colston Loveland,41795,,
2,Burrow-Chase combo,BN,TreVeyon Henderson,41823,NE,RB
2,Burrow-Chase combo,BN,J.K. Dobbins,32725,,
2,Burrow-Chase combo,BN,Dontayvion Wicks,40201,,
2,Burrow-Chase combo,BN,Matthew Stafford,9265,LAR,QB
2,Burrow-Chase combo,IR,Travis Etienne Jr.,33413,NO,RB
2,Burrow-Chase combo,K,Chase McLaughlin,32417,TB,K
2,Burrow-Chase combo,DEF,Steelers,,,
3,Undisputed,QB,Kyler Murray,31833,,
3,Undisputed,RB,Bijan Robinson,40055,,
3,Undisputed,RB,Kyren Williams,34120,LAR,RB
3,Undisputed,WR,Courtland Sutton,31010,,
3,Undisputed,WR,Quentin Johnston,40051,LAC,WR
3,Undisputed,TE,Brock Bowers,40878,LV,TE
3,Undisputed,W/R,David Montgomery,31905,,
3,Undisputed,BN,Xavier Worthy,40877,KC,WR
3,Undisputed,BN,Terry McLaurin,31908,,
3,Undisputed,BN,Caleb Williams,40900,,
3,Undisputed,BN,Jacory Croskey-Merritt,42010,,
3,Undisputed,BN,Woody Marks,41902,,
3,Undisputed,BN,Braelon Allen,40981,NYJ,RB
3,Undisputed,IR,James Conner,30218,,
3,Undisputed,K,Will Reichard,41093,,
3,Undisputed,DEF,Browns,,,
